TERYT ,POWIAT,WOJEWÓDZTWO,ŁĄCZNIE,,,MĘŻCZYŹNI,,,,,,,,,,,,,,,,,,,,,,,,,,,,,,KOBIETY,,,,,,,,,,,,,,,,,,,,,,,,,,,,,
,,,KOBIET,MĘŻCZYZN,WSZYSTKICH,ROK URODZENIA,,,,,,,,,,,,,,,,,,,,,,,,,,,,,,,,,,,,,,,,,,,,,,,,,,,,,,,,,,,
,,,,,,2023,2022,2021,2020,2019,2018,2017,2016,2015,2014,2013,2012,2011,2010,2009,2008,2007,2006,2005,2004,1999-2003,1994-1998,1989-1993,1984-1988,1979-1983,1974-1978,1969-1973,1964-1968,1959-1963,...-1958,2023,2022,2021,2020,2019,2018,2017,2016,2015,2014,2013,2012,2011,2010,2009,2008,2007,2006,2005,2004,1999-2003,1994-1998,1989-1993,1984-1988,1979-1983,1974-1978,1969-1973,1964-1968,1959-1963,...-1958
0201,BOLESŁAWIECKI,DOLNOŚLĄSKIE,2406,1129,3535,7,7,23,25,25,30,39,34,45,38,42,42,40,45,44,50,35,33,66,53,68,57,52,66,36,40,30,12,22,23,9,15,23,30,34,32,36,36,33,32,45,36,40,53,42,47,40,33,50,68,283,193,172,240,224,191,144,71,58,96
0202,DZIERŻONIOWSKI,DOLNOŚLĄSKIE,1418,753,2171,4,14,22,18,29,23,27,25,26,37,42,30,34,26,32,24,24,25,35,28,22,22,36,42,36,15,11,5,17,22,5,8,22,24,28,23,29,20,43,37,30,34,36,28,28,30,25,19,19,31,100,79,116,141,123,94,82,49,39,76
0203,GŁOGOWSKI,DOLNOŚLĄSKIE,829,467,1296,3,3,17,14,21,18,12,20,20,19,20,18,25,20,21,16,19,14,15,21,9,19,22,15,15,10,10,3,13,15,5,5,18,15,15,12,23,14,18,26,17,17,15,13,17,18,12,14,8,11,47,59,76,85,79,42,32,33,27,56
0204,GÓROWSKI,DOLNOŚLĄSKIE,302,154,456,<2,<2,4,9,<2,3,5,6,9,3,8,8,4,5,3,9,4,9,14,5,3,3,5,11,11,2,<2,<2,2,8,<2,2,4,3,7,5,6,10,4,7,9,7,2,10,10,6,10,7,8,<2,14,14,21,33,32,20,11,9,12,19
0205,JAWORSKI,DOLNOŚLĄSKIE,810,463,1273,<2,3,13,17,20,16,23,17,20,20,13,24,21,11,15,30,15,23,20,18,3,9,17,26,26,13,7,5,8,10,<2,6,15,13,17,12,24,19,25,25,21,19,22,24,16,16,13,11,9,7,37,44,77,78,78,44,39,29,22,48
0206,KARKONOSKI,DOLNOŚLĄSKIE,1932,919,2851,3,6,30,27,31,31,37,38,38,49,37,42,49,52,53,39,39,29,35,28,15,10,32,59,30,18,16,7,19,20,2,11,39,33,25,31,38,48,39,53,52,36,39,32,47,32,29,32,37,30,116,108,173,213,185,129,94,75,62,92
0207,KAMIENNOGÓRSKI,DOLNOŚLĄSKIE,773,268,1041,<2,2,12,6,10,12,9,14,8,8,5,12,10,9,19,10,12,10,21,6,10,5,10,12,5,6,3,<2,9,11,<2,<2,11,12,14,12,6,12,16,14,15,11,14,5,12,9,8,15,11,12,54,45,50,69,71,81,72,60,29,32
0208,KŁODZKI,DOLNOŚLĄSKIE,2240,1264,3504,<2,15,50,51,49,40,40,58,49,61,71,57,58,62,57,58,51,27,48,42,21,30,41,55,53,27,22,11,22,37,2,13,39,53,42,46,44,52,51,60,65,54,56,39,59,52,32,38,41,32,88,117,182,242,218,161,95,65,86,116
0209,LEGNICKI,DOLNOŚLĄSKIE,1562,766,2328,<2,3,30,25,32,23,31,28,31,34,34,35,37,34,37,30,25,29,40,29,17,17,31,33,25,17,9,14,20,15,<2,3,28,37,26,34,30,34,36,42,32,29,38,29,29,26,29,24,19,25,93,88,128,168,137,103,79,69,51,95
0210,LUBAŃSKI,DOLNOŚLĄSKIE,800,414,1214,<2,6,12,12,18,14,10,14,20,13,18,11,22,17,16,13,20,20,18,15,9,8,22,22,14,7,15,6,9,13,5,6,8,10,14,7,12,15,13,16,18,18,18,17,13,20,16,6,10,11,48,49,76,87,74,61,29,36,32,55
0211,LUBIŃSKI,DOLNOŚLĄSKIE,1230,743,1973,12,12,27,21,27,29,27,32,31,27,24,28,23,27,34,28,28,19,27,37,18,25,37,39,26,19,12,7,16,24,7,8,25,20,26,32,25,29,29,23,23,31,25,28,24,31,22,18,23,15,47,89,122,129,103,70,49,43,46,68
0212,LWÓWECKI,DOLNOŚLĄSKIE,508,289,797,<2,<2,8,15,14,5,13,7,10,13,17,10,11,16,22,11,13,11,14,9,3,7,10,14,12,7,5,2,2,7,<2,2,8,12,12,16,14,6,13,8,10,17,13,11,16,7,20,6,6,3,25,33,34,61,45,32,23,18,7,30
0213,MILICKI,DOLNOŚLĄSKIE,561,269,830,4,5,14,12,10,10,10,10,12,17,19,8,10,8,8,14,8,8,12,8,3,6,7,11,4,6,4,3,10,8,4,4,8,7,12,11,11,16,15,14,14,9,14,10,12,12,12,8,6,10,30,34,72,49,52,33,28,21,12,21
0214,OLEŚNICKI,DOLNOŚLĄSKIE,2042,1245,3287,15,18,40,39,50,39,54,47,45,41,57,62,44,33,49,47,36,36,69,36,29,48,59,68,47,28,35,11,23,40,4,25,37,43,38,44,46,47,46,54,48,38,42,42,40,48,39,29,33,29,102,117,196,223,172,134,86,73,68,99
0215,OŁAWSKI,DOLNOŚLĄSKIE,2591,1482,4073,19,22,44,48,36,44,40,41,57,48,49,56,57,55,40,40,52,51,85,62,64,73,85,90,66,46,27,13,31,41,16,13,32,39,49,43,47,48,52,48,50,56,58,57,47,47,50,40,49,47,191,169,238,295,197,177,138,76,74,148
0216,POLKOWICKI,DOLNOŚLĄSKIE,599,322,921,<2,<2,9,10,11,12,11,12,17,20,13,20,12,15,9,15,9,11,14,13,13,10,7,23,13,7,3,2,6,5,<2,3,6,8,12,10,16,10,14,14,18,19,18,9,14,15,7,10,6,3,35,31,44,69,68,45,17,17,28,33
0217,STRZELIŃSKI,DOLNOŚLĄSKIE,623,305,928,<2,6,9,11,10,14,12,9,12,23,18,16,10,14,18,15,11,9,9,7,6,<2,11,11,13,6,3,3,5,13,<2,4,11,10,16,13,17,12,13,15,10,24,20,11,14,11,10,8,13,14,33,31,50,59,53,45,31,23,19,32
0218,ŚREDZKI,DOLNOŚLĄSKIE,1233,631,1864,<2,4,26,16,20,23,28,26,31,28,27,34,30,23,28,28,14,16,24,24,15,27,31,21,22,10,13,8,20,14,<2,3,19,23,25,22,33,30,25,34,26,23,31,30,33,23,23,27,25,14,85,67,103,128,106,92,56,37,40,49
0219,ŚWIDNICKI,DOLNOŚLĄSKIE,2630,1559,4189,8,25,50,47,59,50,56,57,50,62,65,58,62,65,58,62,49,51,52,58,51,66,94,90,60,43,29,12,34,36,7,18,42,41,33,42,39,57,57,70,70,47,62,56,62,64,55,65,42,55,148,150,223,275,226,185,128,90,89,132
0220,TRZEBNICKI,DOLNOŚLĄSKIE,1936,1003,2939,7,14,24,35,28,46,46,40,43,33,39,33,32,44,32,30,32,54,76,36,28,27,35,45,45,31,15,9,21,23,3,9,32,36,47,31,45,34,35,45,35,39,43,38,37,41,36,27,17,29,117,104,164,228,202,155,91,77,49,90
0221,WAŁBRZYSKI,DOLNOŚLĄSKIE,1059,534,1593,<2,<2,23,13,25,14,20,15,24,35,33,28,27,26,27,29,21,12,15,16,6,12,16,26,16,12,7,4,13,19,<2,<2,25,23,13,16,26,32,31,33,18,24,37,27,29,28,22,22,13,11,42,50,91,119,86,64,41,40,27,68
0222,WOŁOWSKI,DOLNOŚLĄSKIE,779,373,1152,<2,2,13,16,13,14,17,20,12,11,16,20,16,14,15,14,12,13,19,8,7,15,16,23,10,5,8,5,10,9,<2,2,14,17,24,18,15,17,21,23,17,16,21,20,26,11,14,22,11,16,43,51,68,63,62,53,29,17,18,50
0223,WROCŁAWSKI,DOLNOŚLĄSKIE,3713,2100,5813,<2,18,63,73,73,46,64,66,79,85,101,98,77,89,97,80,69,79,90,90,71,73,96,102,89,51,44,21,50,65,3,17,64,63,62,78,65,80,75,93,73,90,89,72,64,76,65,50,64,57,302,209,290,400,361,246,179,125,124,177
0224,ZĄBKOWICKI,DOLNOŚLĄSKIE,725,380,1105,<2,4,12,10,14,17,12,17,23,25,18,19,17,18,24,15,6,14,17,10,4,2,10,15,18,6,5,2,8,17,<2,2,9,9,10,12,9,21,17,22,17,17,13,16,15,15,17,10,17,14,34,29,56,79,79,38,36,42,24,46
0225,ZGORZELECKI,DOLNOŚLĄSKIE,1120,558,1678,3,12,20,14,16,21,27,17,23,24,26,28,28,18,22,21,18,20,30,12,8,15,24,32,22,16,9,9,12,11,3,7,20,19,25,16,28,14,30,16,31,24,23,16,26,20,25,21,15,16,64,62,94,133,105,95,56,31,32,53
0226,ZŁOTORYJSKI,DOLNOŚLĄSKIE,631,348,979,<2,2,8,21,11,12,16,10,11,16,20,15,18,12,14,19,13,17,15,17,9,5,9,13,12,10,8,4,4,7,<2,<2,9,15,8,16,20,17,12,18,14,17,18,10,17,14,9,11,10,7,27,32,52,63,66,29,24,16,38,40
0261,JELENIA GÓRA,DOLNOŚLĄSKIE,1470,754,2224,5,18,25,19,20,19,16,33,34,27,18,31,35,26,27,37,30,23,41,19,20,31,34,40,44,29,14,6,18,15,8,12,26,15,24,23,14,15,26,31,28,47,31,26,23,21,26,19,22,22,108,99,118,164,128,113,80,72,45,84
0262,LEGNICA,DOLNOŚLĄSKIE,2227,1371,3598,23,27,26,30,38,38,30,37,44,42,33,46,27,37,54,51,54,52,71,44,69,51,88,101,71,59,26,21,35,46,21,24,37,37,21,37,40,34,35,42,47,47,34,39,38,42,41,39,42,43,157,148,206,239,183,139,111,83,86,135
0264,WROCŁAW,DOLNOŚLĄSKIE,28728,18607,47335,141,217,358,376,376,376,395,453,514,453,454,464,453,439,460,462,400,753,1015,765,1165,1465,1711,1675,1121,684,411,217,352,482,142,230,373,329,380,361,422,400,389,472,474,493,466,446,463,423,421,516,642,660,2690,2516,2780,2989,2458,1928,1419,1021,891,1534
0265,WAŁBRZYCH,DOLNOŚLĄSKIE,1190,621,1811,19,11,12,16,17,16,15,22,23,23,22,25,26,23,22,27,15,16,32,18,23,18,29,41,30,23,12,9,18,18,13,17,17,13,22,24,11,24,17,21,23,31,15,21,28,25,15,19,23,25,93,76,104,122,106,79,63,43,37,63
0401,ALEKSANDROWSKI,KUJAWSKO-POMORSKIE,488,257,745,<2,<2,11,13,7,6,11,10,14,8,24,13,7,5,13,15,9,5,11,11,2,5,9,9,12,3,8,<2,6,8,<2,3,9,9,11,10,10,3,11,14,14,16,21,23,9,9,7,4,6,2,18,33,39,52,51,32,18,9,23,22
0402,BRODNICKI,KUJAWSKO-POMORSKIE,600,397,997,2,6,8,11,19,11,20,18,9,20,16,15,16,24,17,18,10,17,15,12,7,13,20,21,26,9,6,<2,4,6,2,6,5,12,10,10,11,14,16,14,17,14,10,18,17,13,14,9,7,11,38,30,64,75,52,27,22,16,16,30
0403,BYDGOSKI,KUJAWSKO-POMORSKIE,1773,1012,2785,<2,7,24,47,28,45,37,53,47,43,57,45,46,35,35,45,29,42,44,31,16,18,38,52,45,35,17,11,14,26,<2,10,34,41,37,28,25,45,40,48,41,43,34,38,27,41,33,31,27,22,97,101,155,223,156,107,76,63,52,97
0404,CHEŁMIŃSKI,KUJAWSKO-POMORSKIE,281,164,445,3,<2,7,2,7,2,7,6,10,8,12,8,6,7,6,4,7,8,5,6,2,3,7,10,5,3,2,3,2,5,3,2,4,6,11,2,3,5,7,8,10,9,6,6,11,4,5,5,7,5,12,18,22,31,22,13,10,12,7,15
0405,GOLUBSKO-DOBRZYŃSKI,KUJAWSKO-POMORSKIE,148,66,214,<2,2,2,6,3,<2,<2,<2,5,4,<2,<2,2,5,5,4,3,2,2,2,3,<2,2,3,4,2,<2,<2,<2,<2,<2,<2,4,2,<2,2,4,3,2,6,4,5,4,4,6,<2,<2,3,2,2,3,15,7,19,9,12,3,5,4,16
0406,GRUDZIĄDZKI,KUJAWSKO-POMORSKIE,127,71,198,<2,<2,2,4,5,2,3,4,3,4,5,3,3,3,3,4,<2,<2,<2,<2,<2,2,2,3,4,2,<2,<2,3,4,<2,<2,6,2,<2,4,6,3,3,3,3,2,<2,4,4,3,2,<2,2,3,9,9,9,15,5,8,3,4,6,7
0407,INOWROCŁAWSKI,KUJAWSKO-POMORSKIE,1226,661,1887,6,8,26,18,25,19,24,33,23,27,35,29,46,30,29,29,28,20,41,23,8,17,20,29,16,20,6,6,7,13,5,16,30,21,20,25,21,23,29,17,33,22,26,23,24,24,28,19,26,16,76,79,95,121,106,107,75,35,37,47
0408,LIPNOWSKI,KUJAWSKO-POMORSKIE,270,145,415,<2,<2,9,5,4,3,8,7,9,4,5,11,10,5,5,6,4,7,5,6,<2,4,5,3,3,5,<2,<2,3,6,<2,<2,2,3,<2,2,3,8,2,5,4,8,5,5,8,7,6,4,4,6,16,16,16,19,39,19,21,9,12,19
0409,MOGILEŃSKI,KUJAWSKO-POMORSKIE,459,233,692,<2,6,10,8,9,3,5,12,7,5,12,9,14,13,8,10,11,9,8,6,7,4,11,12,9,7,6,4,4,3,4,7,11,9,4,9,8,9,11,9,11,5,8,9,18,12,7,5,3,4,24,35,32,54,40,27,29,11,16,28
0410,NAKIELSKI,KUJAWSKO-POMORSKIE,466,249,715,<2,5,7,13,6,6,8,16,12,12,10,7,16,16,10,7,9,3,6,8,2,4,16,14,11,8,2,<2,5,9,3,5,7,12,10,8,13,8,9,14,14,10,9,9,12,14,9,8,9,5,14,19,44,67,47,20,16,13,12,26
0411,RADZIEJOWSKI,KUJAWSKO-POMORSKIE,234,127,361,<2,<2,7,3,4,6,7,6,5,6,4,2,5,7,6,7,6,10,3,3,3,<2,6,3,5,<2,4,<2,<2,5,<2,<2,4,2,5,3,4,5,5,5,9,4,8,4,3,6,4,<2,4,<2,14,23,15,27,18,18,11,9,8,13
0412,RYPIŃSKI,KUJAWSKO-POMORSKIE,167,103,270,<2,2,3,3,2,6,4,4,5,4,6,6,4,4,8,9,3,4,7,10,<2,<2,<2,<2,<2,3,<2,<2,<2,2,<2,<2,4,5,5,3,<2,11,7,4,5,4,6,2,3,4,2,<2,2,2,6,10,12,24,22,6,4,2,5,6
0413,SĘPOLEŃSKI,KUJAWSKO-POMORSKIE,296,146,442,<2,3,5,6,8,9,6,8,6,7,4,7,6,4,6,7,3,5,8,7,<2,3,9,5,4,2,2,<2,<2,4,2,<2,4,2,5,8,6,10,9,8,6,4,13,5,2,8,9,4,4,3,8,19,32,30,33,21,9,5,8,18
0414,ŚWIECKI,KUJAWSKO-POMORSKIE,796,466,1262,<2,9,13,17,14,23,22,19,21,20,25,20,19,13,19,19,14,9,20,9,7,17,15,32,29,10,6,7,12,5,4,5,13,24,17,17,16,21,16,21,20,22,33,19,21,17,14,13,6,7,25,44,83,94,66,36,21,35,26,40
0415,TORUŃSKI,KUJAWSKO-POMORSKIE,1046,591,1637,<2,12,15,24,20,25,21,30,21,24,29,39,35,30,22,29,20,18,21,21,12,15,12,28,21,16,2,3,9,17,2,7,20,14,16,26,29,23,30,20,14,23,25,23,31,27,20,11,13,8,54,61,96,130,87,64,44,39,41,48
0416,TUCHOLSKI,KUJAWSKO-POMORSKIE,612,218,830,<2,3,6,11,8,6,10,8,10,10,7,12,9,4,10,7,10,4,<2,10,7,<2,10,13,6,11,6,2,6,9,2,2,7,13,7,6,13,10,8,14,9,5,9,11,6,13,6,6,7,8,45,30,44,65,55,60,55,43,28,25
0417,WĄBRZESKI,KUJAWSKO-POMORSKIE,197,79,276,<2,<2,4,4,<2,<2,5,7,3,6,2,5,4,5,4,4,2,<2,2,<2,<2,3,<2,<2,4,2,<2,<2,<2,4,<2,<2,3,7,5,3,6,3,9,2,3,8,2,5,9,9,5,5,<2,2,7,6,12,20,17,11,9,9,5,14
0418,WŁOCŁAWSKI,KUJAWSKO-POMORSKIE,378,164,542,<2,<2,9,5,9,9,10,14,8,7,5,6,7,8,5,6,4,5,8,2,5,<2,10,6,6,3,<2,<2,2,2,<2,3,4,7,9,5,5,7,8,7,6,9,15,13,13,12,4,6,5,10,21,14,38,43,40,26,15,7,4,22
0419,ŻNIŃSKI,KUJAWSKO-POMORSKIE,901,476,1377,<2,5,16,11,24,29,17,19,17,27,27,15,19,20,21,19,13,14,22,11,10,4,24,19,25,11,10,4,8,14,<2,8,16,26,17,17,12,23,29,21,29,25,24,18,17,24,9,14,16,10,32,40,88,86,83,55,27,39,40,56
0461,BYDGOSZCZ,KUJAWSKO-POMORSKIE,5708,3270,8978,47,56,74,93,99,94,93,106,113,101,136,117,116,120,119,112,112,138,167,116,106,130,172,195,173,104,61,34,76,90,37,54,72,76,82,100,95,107,85,108,105,98,91,128,129,123,100,87,107,109,347,381,503,626,560,415,254,203,198,328
0462,GRUDZIĄDZ,KUJAWSKO-POMORSKIE,901,523,1424,<2,9,8,15,11,13,20,20,19,27,9,22,28,19,23,13,12,20,14,20,25,30,28,39,30,12,8,10,6,12,5,4,10,15,13,14,8,13,18,25,12,22,18,12,23,18,10,16,12,26,74,46,98,100,73,61,46,48,23,38
0463,TORUŃ,KUJAWSKO-POMORSKIE,2582,1457,4039,19,18,35,37,35,55,36,47,34,56,49,51,51,50,38,49,49,63,76,53,54,60,89,89,79,43,29,26,35,52,12,15,34,25,27,33,46,37,39,54,42,59,62,60,39,51,45,43,47,53,171,164,210,302,233,193,130,91,87,178
0464,WŁOCŁAWEK,KUJAWSKO-POMORSKIE,582,364,946,9,4,7,14,13,14,13,8,16,17,6,23,16,14,12,9,9,14,10,14,21,14,26,19,18,7,5,2,5,5,7,5,13,11,13,13,6,11,13,13,6,15,16,9,12,10,8,9,6,5,40,40,57,71,48,41,19,21,17,27
0601,BIALSKI,LUBELSKIE,824,446,1270,<2,4,17,16,3,11,20,12,19,28,25,19,21,24,17,20,14,20,19,13,7,8,17,25,22,17,4,<2,7,16,<2,3,11,9,12,20,14,19,14,22,16,17,25,19,19,16,12,10,15,18,52,38,68,80,85,76,52,32,23,26
0602,BIŁGORAJSKI,LUBELSKIE,1009,556,1565,3,3,20,25,23,16,26,28,17,26,25,23,17,19,25,25,28,27,35,26,11,9,14,22,18,6,8,5,13,13,5,7,17,31,18,18,19,11,23,25,10,23,12,28,18,37,21,24,23,19,48,55,77,114,91,75,38,35,33,54
0603,CHEŁMSKI,LUBELSKIE,829,511,1340,<2,4,32,16,13,14,29,14,23,33,24,24,15,19,12,27,16,14,27,16,8,10,20,21,32,11,10,7,7,13,<2,5,25,30,21,28,29,14,17,31,30,20,22,19,18,15,9,10,11,9,24,29,67,87,69,38,34,28,35,55
0604,HRUBIESZOWSKI,LUBELSKIE,406,274,680,<2,2,14,17,9,9,7,3,8,7,7,12,11,8,13,6,10,12,13,12,3,5,8,20,22,9,5,3,7,12,<2,5,7,7,8,8,9,9,14,11,10,13,4,15,10,9,5,13,4,6,12,20,30,38,42,30,10,18,11,27
0605,JANOWSKI,LUBELSKIE,217,131,348,<2,2,6,9,5,6,8,5,5,5,2,6,6,5,5,5,5,<2,6,6,<2,2,3,10,2,3,3,<2,5,3,<2,2,4,7,5,6,7,3,13,7,5,11,5,5,4,7,2,3,2,3,7,15,17,28,10,6,8,3,8,14
0606,KRASNOSTAWSKI,LUBELSKIE,525,337,862,2,7,12,14,13,17,12,13,19,21,17,17,17,14,20,12,10,8,8,8,6,6,14,9,14,9,5,<2,4,8,3,7,14,20,13,11,12,8,14,20,18,19,10,13,12,13,7,6,8,10,20,20,43,47,43,24,22,15,20,33
0607,KRAŚNICKI,LUBELSKIE,519,288,807,2,<2,13,10,15,11,9,8,8,15,11,9,9,11,24,14,6,11,23,10,4,4,9,13,8,13,3,<2,5,8,<2,3,8,14,11,11,17,7,13,18,19,13,12,14,11,11,9,6,4,4,22,24,35,48,56,42,27,17,15,27
0608,LUBARTOWSKI,LUBELSKIE,744,467,1211,<2,3,22,19,19,12,19,15,20,26,17,12,18,18,21,20,28,31,30,13,13,9,16,13,11,8,4,3,12,14,3,4,13,24,18,20,13,15,23,13,19,21,12,16,18,22,17,14,8,10,38,42,49,84,74,38,24,26,22,44
0609,LUBELSKI,LUBELSKIE,2005,1081,3086,2,13,43,44,42,33,40,45,43,50,42,40,48,38,46,46,39,43,49,50,22,17,25,57,53,30,18,5,16,42,<2,12,42,42,38,41,54,42,49,45,46,47,46,38,40,52,49,33,34,35,97,86,142,190,196,149,90,92,71,106
0610,ŁĘCZYŃSKI,LUBELSKIE,604,362,966,<2,3,11,13,17,12,11,17,20,13,19,17,8,16,13,20,27,25,12,16,2,4,10,23,10,10,2,<2,<2,9,<2,<2,12,16,15,19,11,16,17,11,8,18,18,20,15,24,13,18,6,11,21,24,41,72,38,34,31,20,20,35
0611,ŁUKOWSKI,LUBELSKIE,722,359,1081,2,<2,16,11,17,3,12,14,18,20,15,10,17,13,16,14,14,14,18,12,12,6,12,21,19,8,4,3,6,11,2,3,13,12,21,12,14,14,16,9,18,14,18,19,18,19,15,9,15,14,43,43,65,83,79,44,35,22,18,15
0612,OPOLSKI,LUBELSKIE,1031,513,1544,<2,5,18,21,18,18,21,19,20,16,26,30,32,25,24,19,19,21,24,18,6,5,9,26,26,9,8,2,15,13,<2,3,16,27,17,15,24,22,13,29,21,24,24,26,28,20,15,14,12,10,48,42,85,116,104,96,68,46,32,33
0613,PARCZEWSKI,LUBELSKIE,457,197,654,4,5,6,7,10,7,5,5,9,7,8,9,8,7,9,7,2,7,11,8,3,5,13,6,6,4,4,4,6,5,2,3,8,15,5,11,9,8,10,10,9,12,14,11,9,7,8,5,8,3,22,32,41,41,37,30,24,22,20,21
0614,PUŁAWSKI,LUBELSKIE,1605,972,2577,3,10,33,26,39,32,39,47,30,39,35,45,35,36,37,55,58,46,55,37,14,14,34,38,44,15,12,8,27,29,3,10,24,39,28,33,39,32,32,42,46,38,45,36,51,56,48,42,28,21,85,81,103,144,163,90,70,61,41,74
0615,RADZYŃSKI,LUBELSKIE,311,180,491,<2,4,6,12,9,6,6,4,7,6,9,7,10,2,5,23,9,5,7,4,<2,2,4,8,5,5,6,<2,4,3,<2,<2,5,8,7,6,4,6,7,5,6,7,6,7,10,17,10,8,3,7,14,12,21,38,18,25,7,13,16,17
0616,RYCKI,LUBELSKIE,488,336,824,<2,<2,13,10,22,13,12,11,14,12,14,8,11,8,5,17,18,12,20,23,19,4,5,17,10,8,9,4,7,10,<2,4,4,10,5,9,13,10,12,14,10,10,11,16,11,11,12,10,6,7,23,19,45,51,41,35,35,15,15,23
0617,ŚWIDNICKI,LUBELSKIE,972,586,1558,3,6,21,22,19,20,17,22,22,27,21,30,20,18,25,28,30,37,17,21,13,13,16,31,34,12,6,4,13,18,5,5,20,24,21,21,18,22,18,27,15,25,21,21,14,25,29,29,15,20,43,55,91,114,76,51,40,25,39,43
0618,TOMASZOWSKI,LUBELSKIE,639,365,1004,2,2,11,21,13,15,11,13,11,15,13,16,12,16,10,13,7,7,16,11,8,7,21,24,20,17,9,<2,7,16,2,8,16,16,13,23,15,16,9,10,16,17,12,17,12,10,4,7,9,10,26,31,46,67,68,31,34,22,25,47
0619,WŁODAWSKI,LUBELSKIE,565,395,960,3,6,12,16,13,18,10,28,15,15,16,17,14,10,19,14,18,10,9,4,15,9,14,20,22,11,7,6,7,17,2,4,22,18,12,14,12,14,17,11,14,10,12,13,11,15,13,8,11,7,24,18,53,38,54,30,31,15,17,45
0620,ZAMOJSKI,LUBELSKIE,992,642,1634,<2,7,40,27,22,29,23,43,30,32,24,20,35,29,24,34,29,22,31,14,5,11,11,18,20,18,11,2,10,21,<2,9,30,27,31,21,31,31,35,27,26,30,23,17,31,18,18,18,14,10,31,32,57,115,113,45,30,25,36,60
0661,BIAŁA PODLASKA,LUBELSKIE,532,375,907,4,4,8,7,13,8,19,7,15,10,15,4,12,13,7,15,13,24,27,17,15,3,14,27,19,12,9,7,13,14,8,8,3,6,13,8,11,9,10,12,13,11,10,15,5,14,14,17,15,16,27,26,36,52,53,31,28,21,12,28
0662,CHEŁM,LUBELSKIE,361,267,628,3,7,4,3,9,3,7,10,5,7,3,8,3,3,2,5,3,20,16,19,10,7,27,30,22,5,7,2,8,9,4,7,11,4,4,6,5,7,10,3,6,10,5,3,3,3,8,14,11,10,19,19,24,36,29,19,18,16,15,32
0663,LUBLIN,LUBELSKIE,5733,3806,9539,30,50,70,74,55,81,81,80,63,70,86,102,72,79,79,101,97,295,397,213,212,166,223,263,248,151,91,52,86,139,34,53,77,70,61,60,79,78,77,86,83,103,92,92,77,114,84,186,268,213,531,307,346,532,577,410,273,229,194,347
0664,ZAMOŚĆ,LUBELSKIE,416,271,687,2,4,7,8,<2,4,5,8,7,10,9,6,2,8,7,5,16,23,31,17,12,9,16,9,7,13,4,2,5,14,2,6,6,10,4,7,8,5,4,6,8,6,8,3,10,3,28,20,15,11,25,24,30,32,29,26,19,13,15,33
0801,GORZOWSKI,LUBUSKIE,1665,888,2553,<2,6,28,30,25,34,49,46,45,42,51,29,50,38,32,32,38,31,46,33,18,25,23,27,29,20,15,7,10,28,4,5,23,34,32,44,45,29,39,42,46,43,24,31,37,34,28,25,29,31,84,118,156,179,154,94,73,52,39,91
0802,KROŚNIEŃSKI,LUBUSKIE,869,477,1346,2,5,15,16,15,13,12,21,20,28,27,27,16,18,21,17,9,16,24,30,19,18,19,13,18,12,6,3,8,9,10,9,10,14,14,21,18,14,16,19,18,23,17,19,20,20,14,17,14,18,66,70,86,79,66,62,40,27,21,27
0803,MIĘDZYRZECKI,LUBUSKIE,1237,651,1888,4,12,23,25,19,26,20,25,27,38,35,27,26,38,21,28,19,14,25,21,27,24,25,29,19,16,11,5,7,15,5,6,17,17,21,13,19,22,22,21,32,31,33,29,29,22,16,15,26,32,111,79,106,135,111,82,62,46,28,49
0804,NOWOSOLSKI,LUBUSKIE,1611,833,2444,6,13,24,26,26,28,26,40,39,28,36,28,34,29,30,36,20,28,31,30,38,28,36,46,39,30,13,11,13,21,9,16,17,28,27,29,32,34,37,36,38,39,27,43,31,19,24,14,33,22,128,118,154,167,117,126,71,57,41,77
0805,SŁUBICKI,LUBUSKIE,1329,716,2045,<2,3,10,22,20,18,27,26,22,31,35,27,24,20,24,32,23,24,47,42,17,27,42,51,30,16,14,9,22,10,<2,6,20,17,10,19,38,23,26,20,28,27,16,27,26,24,25,18,19,21,91,64,125,163,133,104,81,57,44,56
0806,STRZELECKO-DREZDENECKI,LUBUSKIE,748,385,1133,3,3,10,15,17,18,8,19,19,20,12,16,16,24,19,18,8,11,16,11,6,14,14,17,13,11,5,4,7,11,2,5,12,22,16,15,24,11,14,11,23,17,24,14,14,24,17,6,12,11,34,42,65,90,73,35,26,29,19,41
0807,SULĘCIŃSKI,LUBUSKIE,829,387,1216,6,6,18,16,13,13,22,13,11,24,20,22,16,19,20,20,14,12,11,12,9,8,7,13,12,7,4,4,8,7,3,8,19,17,16,13,15,13,17,15,22,14,10,18,16,12,18,10,14,15,51,41,75,85,75,63,42,38,25,49
0808,ŚWIEBODZIŃSKI,LUBUSKIE,1753,809,2562,3,8,16,26,19,22,19,26,38,40,40,33,36,28,34,28,23,28,41,24,25,43,35,36,37,28,13,9,20,31,7,5,17,27,24,29,27,36,32,42,36,39,29,25,26,39,27,19,41,37,157,129,150,176,146,123,111,65,57,75
0809,ZIELONOGÓRSKI,LUBUSKIE,1881,984,2865,11,18,49,26,36,41,35,33,44,41,45,56,43,31,48,36,30,44,39,36,22,22,31,34,43,20,16,13,15,26,<2,10,26,29,27,39,34,43,37,39,43,47,42,43,31,45,28,27,28,32,145,136,157,206,173,136,70,69,53,85
0810,ŻAGAŃSKI,LUBUSKIE,727,409,1136,<2,4,14,14,22,15,10,13,18,16,24,18,18,14,15,19,15,9,23,5,14,16,17,19,15,13,5,<2,11,12,<2,<2,14,18,12,14,14,18,12,7,17,16,14,20,26,16,12,14,8,14,34,36,51,102,57,51,37,23,24,45
0811,ŻARSKI,LUBUSKIE,1439,861,2300,7,16,17,35,26,27,32,26,31,27,40,26,29,40,31,30,32,24,54,38,22,38,41,37,45,27,16,8,20,19,8,6,26,27,14,27,28,30,36,30,27,34,34,29,32,47,26,22,21,28,92,92,122,165,134,95,65,42,39,61
0812,WSCHOWSKI,LUBUSKIE,567,241,808,<2,2,5,8,7,10,14,9,8,9,18,10,9,9,9,11,7,10,11,9,7,7,5,12,9,8,7,4,4,3,<2,2,13,5,8,13,9,12,14,12,12,15,12,11,14,11,5,4,9,10,31,39,46,59,49,45,30,34,23,19
0861,GORZÓW WIELKOPOLSKI,LUBUSKIE,2666,1599,4265,12,24,24,29,27,40,35,46,37,46,46,59,54,46,48,57,43,63,89,62,82,104,101,99,94,65,61,25,41,40,32,32,26,29,32,34,25,36,38,54,45,53,47,43,46,49,35,36,55,48,244,173,232,270,250,219,152,109,90,132
0862,ZIELONA GÓRA,LUBUSKIE,3337,1782,5119,19,32,42,35,48,35,45,42,52,68,53,60,65,73,58,57,55,66,113,56,81,86,93,140,110,66,38,20,39,35,26,32,28,39,38,37,54,66,54,53,57,70,68,57,64,58,43,43,58,83,295,253,283,343,316,274,170,107,105,163
1001,BEŁCHATOWSKI,ŁÓDZKIE,1115,612,1727,6,6,25,22,19,25,28,18,24,23,29,21,28,33,39,20,16,19,28,21,9,17,14,35,26,13,10,6,13,19,4,6,20,16,24,25,28,33,34,22,33,33,26,17,19,23,28,21,10,10,53,73,95,150,89,65,41,30,36,51
1002,KUTNOWSKI,ŁÓDZKIE,1677,898,2575,6,12,24,27,23,35,24,31,35,44,40,49,42,42,39,42,26,33,46,31,31,31,33,47,37,16,19,7,11,15,2,7,24,25,28,33,25,40,32,46,29,32,40,33,35,41,27,34,30,31,119,102,164,180,157,128,74,69,42,48
1003,ŁASKI,ŁÓDZKIE,586,279,865,<2,<2,9,11,7,11,15,16,11,11,14,14,23,10,11,18,2,7,15,9,<2,7,11,12,9,4,5,3,7,5,<2,3,19,14,17,4,10,13,16,11,17,16,13,10,19,14,9,10,11,12,33,26,42,73,53,37,25,18,18,23
1004,ŁĘCZYCKI,ŁÓDZKIE,1171,575,1746,2,2,22,21,26,26,25,29,28,28,26,38,23,16,25,26,31,18,27,23,8,16,17,16,12,15,4,3,12,10,<2,2,14,16,15,19,22,25,31,29,25,35,24,32,20,30,25,22,21,16,81,64,104,120,119,86,59,30,39,46
1005,ŁOWICKI,ŁÓDZKIE,1202,538,1740,<2,7,21,22,19,12,19,25,26,21,26,21,24,21,20,23,16,22,36,13,14,17,27,23,14,11,6,3,16,12,2,8,22,26,13,18,22,14,22,19,21,25,21,26,22,23,14,11,19,19,68,64,86,128,117,122,75,57,59,59
1006,ŁÓDZKI WSCHODNI,ŁÓDZKIE,1718,1003,2721,<2,11,40,25,38,42,24,39,45,49,46,50,41,32,37,46,30,56,37,38,36,32,34,57,33,23,15,7,17,22,<2,6,22,30,33,30,34,32,32,37,39,54,36,22,26,42,38,31,29,37,111,122,150,197,143,122,86,53,42,82
1007,OPOCZYŃSKI,ŁÓDZKIE,519,322,841,<2,3,15,16,4,12,19,19,13,21,15,13,12,17,14,14,12,8,7,17,2,9,7,12,15,8,2,3,4,8,2,2,12,11,9,9,17,10,14,8,23,20,11,9,10,13,6,10,8,8,25,22,45,62,55,26,21,13,12,26
1008,PABIANICKI,ŁÓDZKIE,2498,1342,3840,3,18,36,38,41,45,41,44,58,60,54,37,46,43,50,50,40,62,74,53,50,57,64,64,64,47,20,12,37,34,5,16,31,49,27,56,45,48,52,59,48,56,36,49,57,58,44,53,48,59,184,168,195,268,241,183,117,74,67,105
1009,PAJĘCZAŃSKI,ŁÓDZKIE,409,205,614,<2,<2,11,6,8,6,9,6,7,6,5,8,6,13,5,10,12,6,17,9,2,3,11,13,12,5,3,<2,<2,4,<2,<2,4,7,6,4,9,13,5,8,7,8,9,10,10,6,7,10,8,6,36,17,31,37,42,48,27,12,10,11
1010,PIOTRKOWSKI,ŁÓDZKIE,1274,675,1949,<2,6,21,29,20,27,27,33,34,38,37,42,38,33,30,28,28,22,37,27,4,13,19,22,20,10,6,<2,11,13,<2,9,27,30,37,33,30,32,28,26,19,36,35,30,32,36,19,21,22,19,66,89,106,153,112,63,54,36,30,44
1011,PODDĘBICKI,ŁÓDZKIE,478,282,760,<2,<2,10,14,12,7,13,6,14,12,19,11,9,9,8,8,6,13,11,7,11,7,12,12,19,10,2,<2,12,7,<2,2,6,5,7,7,12,13,9,8,7,9,10,8,15,11,9,6,5,11,24,33,38,59,38,35,25,20,19,27
1012,RADOMSZCZAŃSKI,ŁÓDZKIE,1096,718,1814,3,7,21,21,21,19,21,29,30,26,23,32,38,25,26,32,15,23,25,27,25,33,39,52,33,30,13,8,11,10,2,4,21,21,22,21,31,24,30,29,19,37,24,18,21,28,12,14,16,16,71,78,88,127,110,65,48,27,23,49
1013,RAWSKI,ŁÓDZKIE,1849,980,2829,<2,13,18,24,12,24,32,41,33,51,39,57,49,51,47,49,34,54,68,45,24,29,30,33,49,14,17,8,22,12,3,9,22,13,16,21,33,33,38,43,40,53,35,51,49,46,41,36,51,38,122,110,133,193,155,142,132,85,71,35
1014,SIERADZKI,ŁÓDZKIE,1069,483,1552,6,7,16,11,19,19,18,16,26,18,21,20,17,20,22,16,12,17,34,12,15,21,19,26,14,12,9,3,11,6,8,13,14,14,18,10,18,21,20,25,32,23,29,23,16,19,12,14,16,23,95,66,92,109,108,56,59,52,32,32
1015,SKIERNIEWICKI,ŁÓDZKIE,586,312,898,<2,<2,9,9,11,8,6,15,14,22,20,14,12,6,18,8,12,16,9,17,6,8,12,12,14,10,7,<2,9,5,<2,3,8,14,15,18,10,9,16,17,9,15,10,17,11,14,11,9,10,8,26,27,42,62,67,35,36,26,15,26
1016,TOMASZOWSKI,ŁÓDZKIE,1962,1036,2998,8,12,34,38,41,38,40,38,36,47,46,44,48,41,44,47,28,39,39,37,32,38,47,51,42,28,17,9,14,13,10,11,28,37,32,41,41,37,47,51,53,37,34,49,53,46,40,26,33,45,127,107,168,192,201,123,87,69,58,79
1017,WIELUŃSKI,ŁÓDZKIE,894,498,1392,3,5,12,11,21,15,18,17,19,25,22,26,23,21,25,24,11,30,28,25,8,9,20,20,21,9,5,8,9,8,4,9,20,12,12,18,14,8,18,18,29,20,24,25,22,22,22,14,15,13,56,59,74,102,90,51,35,22,29,37
1018,WIERUSZOWSKI,ŁÓDZKIE,496,291,787,<2,4,12,6,7,6,8,9,11,17,18,15,11,10,20,8,7,10,14,9,7,11,16,16,12,6,3,3,9,6,<2,3,9,12,8,14,12,7,10,13,10,18,12,12,9,12,9,8,7,5,36,40,35,58,40,20,19,10,18,30
1019,ZDUŃSKOWOLSKI,ŁÓDZKIE,505,307,812,<2,3,10,8,15,17,11,10,8,13,11,15,10,15,9,9,9,12,21,6,9,10,9,18,11,12,3,4,10,8,<2,3,11,13,10,3,9,15,11,12,12,8,12,9,11,11,9,8,9,8,19,34,50,63,32,32,23,19,17,31
1020,ZGIERSKI,ŁÓDZKIE,4976,2327,7303,9,21,70,50,65,59,79,78,82,92,72,100,88,76,71,88,67,84,135,123,126,100,124,136,97,74,51,32,43,35,11,20,62,41,67,70,66,62,66,72,92,88,74,82,70,90,76,62,125,214,785,382,374,454,443,317,261,165,112,173
1021,BRZEZIŃSKI,ŁÓDZKIE,1050,582,1632,5,4,14,16,16,25,16,20,28,23,22,32,24,32,19,19,21,27,34,23,16,15,22,33,27,13,12,6,9,9,<2,5,23,29,24,40,16,16,19,25,22,28,27,24,15,15,19,20,21,19,50,74,90,121,95,66,39,33,30,44
1061,ŁÓDŹ,ŁÓDZKIE,9993,5754,15747,81,104,136,134,111,127,146,145,146,183,187,189,156,159,169,211,206,235,328,293,327,367,357,359,269,172,131,67,104,155,87,113,114,130,103,103,141,157,150,162,163,160,171,144,177,187,179,169,200,219,1043,815,813,885,848,707,593,364,340,556
1062,PIOTRKÓW TRYBUNALSKI,ŁÓDZKIE,1312,744,2056,5,15,13,21,22,22,16,21,28,22,24,22,28,27,19,25,17,29,49,33,44,45,40,52,33,25,20,<2,15,11,5,14,15,10,15,19,21,23,15,21,33,22,22,18,15,18,17,16,15,34,147,111,98,125,124,133,76,36,39,55
1063,SKIERNIEWICE,ŁÓDZKIE,805,458,1263,4,18,18,14,17,7,19,21,14,21,16,25,20,12,24,17,10,16,13,14,14,12,28,18,16,14,10,6,8,12,11,14,15,13,15,13,12,14,21,23,23,21,13,19,10,17,7,13,14,10,44,55,83,82,69,50,38,32,20,34
1201,BOCHEŃSKI,MAŁOPOLSKIE,1266,670,1936,6,6,19,26,23,24,23,29,28,33,33,25,34,27,23,29,24,24,27,24,13,16,27,30,24,17,3,7,19,27,5,11,16,13,18,25,37,21,24,24,35,26,28,33,27,31,19,16,18,16,68,68,112,139,132,78,52,53,40,81
1202,BRZESKI,MAŁOPOLSKIE,790,437,1227,3,4,14,15,21,18,16,15,26,34,19,17,25,19,18,22,8,17,17,10,8,8,8,18,14,11,5,4,8,15,<2,6,19,10,21,10,27,15,22,19,18,20,17,19,20,20,14,14,11,11,28,38,78,84,80,53,32,15,21,48
1203,CHRZANOWSKI,MAŁOPOLSKIE,1552,839,2391,9,11,21,35,31,23,34,24,33,44,41,33,29,46,38,32,23,30,43,27,16,28,38,41,33,27,8,7,13,21,2,13,22,32,41,26,31,38,29,55,28,38,34,28,36,34,19,25,27,20,71,100,133,160,159,117,71,36,36,91
1204,DĄBROWSKI,MAŁOPOLSKIE,277,130,407,<2,<2,5,8,5,13,3,6,6,6,5,7,2,4,5,7,7,7,4,4,2,2,5,4,5,3,<2,2,<2,<2,<2,2,7,8,9,6,8,6,<2,7,7,6,4,8,8,6,4,5,4,5,21,14,17,33,25,17,10,10,7,12
1205,GORLICKI,MAŁOPOLSKIE,737,402,1139,<2,8,17,18,16,17,16,12,19,25,13,15,22,19,17,21,16,7,10,9,5,7,13,12,13,16,9,4,8,17,3,6,17,14,21,9,17,19,22,23,18,18,24,22,17,20,20,13,14,8,28,23,57,80,69,30,20,18,33,54
1206,KRAKOWSKI,MAŁOPOLSKIE,6146,3169,9315,5,17,106,111,97,113,103,138,131,134,123,157,110,113,117,129,84,131,126,117,78,99,133,193,135,80,56,29,66,138,2,21,73,122,108,102,106,128,146,139,151,129,127,116,115,117,114,95,99,97,335,323,517,713,631,389,272,228,220,411
1207,LIMANOWSKI,MAŁOPOLSKIE,1511,834,2345,8,15,31,46,43,29,47,38,44,42,45,48,44,34,30,26,27,20,33,20,8,13,19,27,26,14,9,6,19,23,7,18,31,31,28,46,29,32,38,46,45,46,45,41,38,53,22,25,18,19,49,63,113,160,136,78,59,42,47,106
1208,MIECHOWSKI,MAŁOPOLSKIE,934,443,1377,3,<2,16,10,10,21,15,22,25,23,21,25,17,16,10,12,17,16,22,16,7,9,16,17,17,17,5,4,20,13,4,10,14,16,20,17,19,22,22,23,23,22,13,17,16,30,17,12,12,15,57,55,88,96,92,53,36,34,29,50
1209,MYŚLENICKI,MAŁOPOLSKIE,2124,1036,3160,3,12,40,35,38,38,46,45,52,41,58,53,51,37,43,44,41,41,48,24,14,24,39,40,34,24,7,3,19,42,5,18,42,45,44,43,45,45,52,53,36,53,43,52,37,38,37,40,35,38,73,121,191,244,185,135,92,58,77,147
1210,NOWOSĄDECKI,MAŁOPOLSKIE,2281,1206,3487,<2,13,42,39,43,48,64,50,53,57,65,53,52,55,44,52,44,30,38,34,12,21,39,65,44,25,16,9,41,57,6,13,41,45,57,43,47,47,52,50,50,56,59,41,52,40,40,27,38,26,75,95,186,262,232,119,82,87,117,196
1211,NOWOTARSKI,MAŁOPOLSKIE,2808,1685,4493,5,16,42,66,62,43,69,63,74,88,90,93,72,88,70,71,58,73,77,37,20,32,45,81,69,46,21,17,41,56,9,15,50,59,59,57,59,63,60,78,78,81,60,72,61,55,50,48,34,32,110,123,211,354,275,188,104,104,99,160
1212,OLKUSKI,MAŁOPOLSKIE,1592,880,2472,6,8,32,44,26,45,35,30,29,26,45,40,45,31,27,32,25,25,44,34,16,20,39,52,44,16,12,8,14,30,4,7,23,27,29,22,39,46,35,38,32,37,44,35,40,29,23,17,21,27,87,90,135,207,140,99,70,61,45,83
1213,OŚWIĘCIMSKI,MAŁOPOLSKIE,2047,1223,3270,7,21,57,47,40,42,50,42,58,69,53,55,49,42,68,61,40,34,49,33,18,27,43,60,52,30,17,7,20,32,9,23,32,38,43,40,45,53,45,46,60,46,49,41,46,41,29,34,23,24,105,114,176,246,205,100,92,63,66,113
1214,PROSZOWICKI,MAŁOPOLSKIE,740,373,1113,<2,3,11,8,12,15,17,15,11,20,14,16,15,16,17,13,19,23,24,13,7,9,13,18,18,6,6,2,2,10,<2,7,10,10,14,13,16,12,12,20,22,19,20,10,12,11,20,13,18,7,38,51,63,82,63,51,37,28,22,38
1215,SUSKI,MAŁOPOLSKIE,1156,720,1876,3,7,25,25,20,22,33,41,31,32,28,22,35,32,31,32,36,42,37,20,16,9,20,26,27,21,9,4,9,25,6,5,29,22,22,25,28,26,22,28,27,33,20,16,25,23,31,21,20,27,56,62,85,134,100,68,48,32,47,68
1216,TARNOWSKI,MAŁOPOLSKIE,1585,894,2479,<2,8,35,50,34,39,33,42,44,44,48,37,44,31,25,31,25,20,30,25,22,22,33,44,27,26,14,9,18,33,<2,7,26,30,35,27,33,42,38,48,32,36,40,31,44,42,31,30,29,14,55,84,133,166,154,103,61,50,59,104
1217,TATRZAŃSKI,MAŁOPOLSKIE,2037,1062,3099,9,8,49,42,41,37,36,38,36,47,41,60,39,38,41,47,42,37,58,30,18,22,41,42,49,26,12,11,26,39,5,7,35,34,39,25,38,37,43,39,36,47,37,43,38,37,37,44,28,33,90,128,158,213,204,153,116,97,74,122
1218,WADOWICKI,MAŁOPOLSKIE,2082,1205,3287,4,14,38,43,37,50,49,47,58,41,58,58,48,58,63,52,57,52,51,37,18,12,52,48,47,29,11,9,24,40,3,10,35,56,43,25,46,43,52,49,47,56,44,42,48,43,34,28,29,26,89,108,207,241,204,135,78,63,81,117
1219,WIELICKI,MAŁOPOLSKIE,2104,1120,3224,<2,9,36,34,39,39,30,29,39,46,40,46,51,38,39,30,32,36,53,44,30,44,59,62,76,37,28,16,14,44,<2,7,33,28,30,49,26,42,42,48,41,42,39,37,39,45,37,33,37,32,112,111,194,238,218,160,96,79,76,132
1261,KRAKÓW,MAŁOPOLSKIE,19484,12591,32075,126,206,241,265,205,256,250,289,275,264,269,305,254,266,264,277,245,423,587,448,627,1057,1304,1201,815,508,349,213,321,481,138,203,229,232,239,263,235,266,282,276,298,279,272,261,259,291,228,316,430,400,1560,1695,1872,2013,1616,1253,1048,827,791,1412
1262,NOWY SĄCZ,MAŁOPOLSKIE,881,454,1335,12,14,14,18,18,11,15,19,26,22,21,25,12,13,12,13,10,14,19,14,9,10,19,18,16,15,10,3,12,20,7,11,17,18,14,15,18,20,17,24,11,18,18,13,16,18,11,19,14,5,42,55,77,102,78,65,40,24,24,70
1263,TARNÓW,MAŁOPOLSKIE,706,436,1142,8,13,13,19,16,12,18,10,16,21,12,12,17,10,16,24,6,16,15,11,9,17,24,32,23,9,6,8,8,15,6,12,10,7,12,16,15,15,9,11,9,18,16,20,16,15,11,9,15,6,39,45,54,87,63,34,32,39,24,41
1401,BIAŁOBRZESKI,MAZOWIECKIE,958,485,1443,<2,2,12,14,8,15,13,20,19,16,21,18,25,16,22,15,16,31,43,23,7,14,15,25,21,18,9,6,14,6,2,2,13,16,14,15,13,15,21,17,17,23,12,12,22,22,8,23,13,14,79,69,77,113,92,92,60,38,16,28
1402,CIECHANOWSKI,MAZOWIECKIE,737,389,1126,5,3,11,18,12,12,21,16,7,16,20,19,17,12,25,17,11,13,16,18,6,9,18,18,14,5,5,4,8,13,4,3,17,19,18,17,14,17,14,20,16,15,18,19,19,18,12,7,9,16,38,45,68,70,76,50,29,20,20,29
1403,GARWOLIŃSKI,MAZOWIECKIE,1507,710,2217,6,7,28,27,29,26,36,34,26,37,34,24,31,30,27,29,18,35,18,24,11,17,24,29,33,14,21,6,11,18,5,11,22,23,26,20,26,22,28,28,32,37,38,26,29,29,25,17,15,29,111,108,134,180,139,118,90,47,35,57
1404,GOSTYNIŃSKI,MAZOWIECKIE,238,130,368,<2,<2,4,5,6,6,5,9,6,3,10,10,4,5,10,5,3,<2,8,4,<2,2,4,3,5,2,<2,<2,<2,5,<2,3,3,2,4,4,5,2,4,8,6,10,7,3,2,4,6,3,3,<2,8,10,21,31,20,14,22,12,8,12
1405,GRODZISKI,MAZOWIECKIE,2960,1586,4546,5,20,37,54,53,50,54,49,58,62,68,52,43,53,51,50,53,62,91,78,65,68,60,96,80,46,33,21,41,33,3,15,42,49,51,41,53,57,45,55,57,72,42,61,49,57,50,41,52,59,219,231,225,309,290,223,167,112,104,129
1406,GRÓJECKI,MAZOWIECKIE,4786,2270,7056,11,24,52,74,64,69,48,66,72,81,77,90,81,75,75,82,104,125,187,94,50,61,113,133,131,69,41,31,55,35,13,27,66,51,71,61,67,60,75,94,74,98,73,75,81,77,73,86,82,90,373,343,415,541,553,455,307,217,111,77
1407,KOZIENICKI,MAZOWIECKIE,763,384,1147,3,3,13,19,11,15,18,13,17,21,21,14,21,21,19,16,10,8,17,15,3,6,20,18,10,6,8,4,7,7,<2,8,9,16,15,16,14,13,15,16,15,17,15,16,11,16,9,10,8,13,46,48,61,96,74,63,43,36,20,23
1408,LEGIONOWSKI,MAZOWIECKIE,2556,1575,4131,5,17,52,50,64,55,51,65,54,57,61,79,59,53,53,46,50,47,68,58,42,57,64,105,91,57,38,17,22,38,4,6,53,43,49,51,61,51,41,72,55,59,54,58,50,59,34,34,41,34,161,152,207,280,227,179,119,105,82,135
1409,LIPSKI,MAZOWIECKIE,181,126,307,3,3,3,5,2,8,4,4,6,4,3,4,6,<2,3,12,13,9,2,<2,2,<2,<2,6,3,5,3,<2,3,6,2,6,10,4,5,4,3,4,<2,5,2,4,5,<2,4,5,3,2,3,2,6,11,15,17,15,16,6,3,5,12
1410,ŁOSICKI,MAZOWIECKIE,422,198,620,<2,<2,7,8,6,8,7,6,5,8,4,14,11,8,7,12,2,19,21,7,3,6,5,7,4,3,2,3,2,3,2,<2,8,10,8,7,4,5,3,11,6,12,10,9,7,12,7,10,8,15,35,28,33,40,40,36,23,13,8,11
1411,MAKOWSKI,MAZOWIECKIE,308,154,462,<2,2,4,8,11,5,6,8,8,4,4,9,9,9,9,7,2,5,6,5,<2,2,4,12,5,3,2,<2,2,<2,<2,<2,9,2,15,6,9,10,5,6,2,10,5,8,12,10,8,2,<2,3,10,18,28,36,29,20,12,10,8,14
1412,MIŃSKI,MAZOWIECKIE,2336,1285,3621,6,19,52,51,54,45,53,52,55,63,60,64,47,45,41,48,45,37,48,46,24,43,38,72,56,30,19,9,26,37,6,19,48,44,35,52,49,77,47,38,68,57,41,41,38,56,50,38,43,33,122,158,195,252,193,157,113,77,70,119
1413,MŁAWSKI,MAZOWIECKIE,2003,1058,3061,11,15,21,22,27,26,29,31,36,45,33,48,34,33,42,33,30,37,57,46,66,55,65,54,52,34,27,17,21,11,4,6,16,27,27,26,30,29,24,40,37,32,36,37,45,39,34,28,38,47,208,177,167,183,164,170,144,91,44,53
1414,NOWODWORSKI,MAZOWIECKIE,1712,940,2652,5,13,29,33,17,26,35,36,36,35,36,45,33,36,28,24,29,27,42,43,37,41,40,58,48,29,24,15,16,24,4,12,25,30,29,29,22,32,26,37,38,34,31,33,28,36,21,24,36,36,169,125,147,163,158,138,77,57,44,71
1415,OSTROŁĘCKI,MAZOWIECKIE,432,224,656,<2,<2,9,10,8,7,6,6,18,16,8,8,15,13,11,13,9,7,11,5,3,4,5,8,13,3,<2,2,<2,2,<2,3,8,9,7,6,18,17,6,12,14,14,9,15,13,6,9,6,5,7,16,27,31,52,39,23,16,17,11,16
1416,OSTROWSKI,MAZOWIECKIE,703,357,1060,2,<2,14,12,13,20,21,18,10,21,12,24,17,17,13,12,16,10,13,5,2,4,17,15,13,9,6,4,8,8,3,3,11,23,20,17,21,17,14,16,19,14,17,22,17,14,11,12,7,5,26,34,79,75,55,39,33,26,18,35
1417,OTWOCKI,MAZOWIECKIE,2842,1605,4447,9,21,62,70,68,61,63,65,65,62,69,60,51,51,72,51,50,58,82,64,29,47,64,70,67,53,33,13,28,47,7,21,64,56,52,53,48,60,72,53,65,72,54,57,61,71,42,39,42,47,205,167,237,312,294,180,126,89,78,118
1418,PIASECZYŃSKI,MAZOWIECKIE,5435,3117,8552,24,52,94,103,86,103,98,120,99,114,119,111,114,97,93,97,83,118,143,122,93,112,168,194,166,117,74,60,68,75,26,47,88,73,87,91,88,93,100,101,110,134,92,84,97,99,75,61,79,107,359,377,478,579,514,391,323,236,169,277
1419,PŁOCKI,MAZOWIECKIE,945,486,1431,<2,3,17,23,18,29,19,31,27,23,23,27,23,18,20,19,15,14,24,14,7,8,15,16,15,13,5,<2,11,7,2,6,14,25,16,21,15,24,22,22,32,19,24,22,21,15,25,7,12,11,42,50,86,101,92,75,48,36,24,36
1420,PŁOŃSKI,MAZOWIECKIE,1846,813,2659,8,7,26,25,25,35,21,37,17,31,36,28,36,28,36,21,28,48,39,35,20,29,34,41,36,28,12,9,26,11,4,9,27,24,31,29,18,31,39,34,30,38,44,36,30,27,26,17,26,37,139,121,159,198,192,172,109,84,57,58
1421,PRUSZKOWSKI,MAZOWIECKIE,7261,4365,11626,44,66,99,126,106,100,107,122,135,128,129,160,151,130,135,132,109,151,233,170,202,235,241,306,268,173,87,77,108,135,35,61,101,125,101,117,114,133,120,126,138,138,121,116,140,120,106,87,121,171,590,537,609,716,662,505,438,294,222,397
1422,PRZASNYSKI,MAZOWIECKIE,244,135,379,<2,<2,7,7,4,4,4,4,12,7,10,3,9,4,7,6,6,6,2,5,<2,2,4,2,8,<2,2,<2,2,5,<2,<2,6,4,4,11,12,10,9,5,8,8,4,5,5,4,4,3,6,4,9,12,20,24,13,16,8,6,10,13
1423,PRZYSUSKI,MAZOWIECKIE,431,208,639,<2,2,4,6,8,5,7,12,8,14,8,8,19,9,8,13,3,10,17,12,3,4,3,4,7,3,4,<2,<2,5,<2,<2,4,11,11,5,4,6,5,10,7,7,8,11,10,10,7,5,14,8,19,27,37,53,48,45,23,16,6,13
1424,PUŁTUSKI,MAZOWIECKIE,735,441,1176,2,6,18,23,22,14,15,13,16,22,16,15,18,21,21,14,16,19,17,12,6,17,10,26,16,13,9,3,4,17,<2,4,19,17,18,22,20,12,20,18,16,12,14,18,13,24,15,6,4,8,36,39,68,91,67,45,26,17,23,43
1425,RADOMSKI,MAZOWIECKIE,1192,669,1861,<2,8,34,37,29,25,37,32,31,26,31,37,44,34,29,22,24,25,24,16,6,6,17,31,15,13,7,4,12,13,<2,4,36,42,26,29,29,31,36,38,29,41,30,28,28,27,21,21,16,14,39,59,115,125,101,67,38,25,37,60
1426,SIEDLECKI,MAZOWIECKIE,1085,531,1616,<2,2,13,25,27,22,16,18,30,27,15,23,25,21,21,19,21,25,42,25,8,6,21,31,17,12,3,3,8,5,<2,4,13,32,19,23,27,28,24,36,32,29,30,22,19,20,8,15,17,22,51,91,85,108,107,80,54,45,15,28
1427,SIERPECKI,MAZOWIECKIE,166,91,257,<2,<2,2,5,2,5,4,3,6,5,7,4,3,4,3,5,2,4,<2,<2,<2,<2,4,4,6,<2,3,<2,<2,3,<2,4,2,5,4,3,5,4,5,3,6,4,2,<2,2,4,2,<2,3,2,11,10,20,20,14,9,7,5,4,4
1428,SOCHACZEWSKI,MAZOWIECKIE,2709,1460,4169,6,23,43,57,43,31,37,40,58,45,51,61,43,57,48,40,42,43,67,57,82,64,91,107,83,48,30,13,21,29,8,12,33,40,42,43,31,53,58,47,57,52,54,40,53,48,52,40,49,54,269,217,220,308,236,201,127,92,78,95
1429,SOKOŁOWSKI,MAZOWIECKIE,755,385,1140,2,7,14,17,12,14,8,17,14,20,15,16,19,17,13,11,14,12,24,11,13,7,11,15,12,13,8,6,9,14,<2,7,11,6,6,9,15,14,15,12,14,18,11,24,20,18,15,7,10,12,51,53,53,78,63,58,52,34,18,50
1430,SZYDŁOWIECKI,MAZOWIECKIE,405,226,631,<2,3,11,8,5,14,6,8,8,10,9,14,9,9,9,11,8,12,11,7,5,3,10,10,8,14,<2,<2,2,<2,<2,3,12,7,11,12,13,12,12,13,8,13,13,10,8,7,3,4,2,4,14,22,36,56,38,22,15,9,9,17
1432,WARSZAWSKI ZACHODNI,MAZOWIECKIE,3352,1735,5087,5,12,42,51,55,36,38,61,63,76,64,65,63,52,56,49,59,69,112,73,73,81,76,127,88,50,33,27,38,41,2,14,45,54,51,43,55,52,57,41,53,69,57,62,47,68,39,56,49,95,308,241,273,302,325,240,219,156,103,176
1433,WĘGROWSKI,MAZOWIECKIE,627,354,981,<2,3,10,11,12,7,16,19,16,13,21,17,11,9,7,11,18,8,15,14,4,8,15,23,18,11,7,3,13,13,<2,4,15,11,9,15,10,20,15,13,19,14,12,15,14,13,9,16,11,4,23,30,49,76,47,39,36,32,30,25
1434,WOŁOMIŃSKI,MAZOWIECKIE,4664,2809,7473,16,46,82,91,84,82,65,92,113,105,110,96,85,100,88,94,66,99,128,88,93,127,141,209,169,89,72,47,66,66,18,36,90,76,86,77,87,79,90,124,110,100,90,88,84,97,57,59,66,67,314,299,399,527,453,300,227,154,146,264
1435,WYSZKOWSKI,MAZOWIECKIE,1148,610,1758,4,6,15,24,21,25,25,24,27,37,35,32,26,27,19,26,22,16,24,21,17,7,24,29,29,11,3,4,13,17,<2,10,15,19,24,23,31,36,29,32,28,31,30,38,24,10,12,25,16,18,53,53,123,138,91,60,45,41,43,49
1436,ZWOLEŃSKI,MAZOWIECKIE,295,157,452,<2,2,5,5,11,6,5,11,6,7,9,9,10,7,8,8,7,7,5,4,<2,2,3,6,6,<2,3,2,3,<2,<2,<2,7,8,7,9,9,9,6,7,10,4,10,8,9,8,8,<2,4,2,12,13,25,33,24,23,13,5,10,12
1437,ŻUROMIŃSKI,MAZOWIECKIE,112,74,186,3,2,<2,2,4,7,2,4,3,3,3,5,5,<2,3,3,<2,<2,3,5,2,3,<2,<2,4,<2,3,<2,2,<2,<2,<2,3,5,<2,4,2,2,6,<2,2,4,7,6,2,6,2,<2,<2,2,5,5,10,11,11,2,2,4,<2,4
1438,ŻYRARDOWSKI,MAZOWIECKIE,1549,938,2487,6,14,25,27,27,26,28,32,31,26,31,37,40,22,31,33,30,68,75,33,39,51,44,43,41,26,13,10,14,15,6,7,27,17,20,26,25,29,32,23,33,31,33,25,20,31,23,41,39,42,157,133,119,161,148,104,54,53,29,61
1461,OSTROŁĘKA,MAZOWIECKIE,387,222,609,3,5,5,5,6,8,10,6,10,6,9,8,7,11,6,10,4,7,7,9,11,7,13,9,12,11,3,<2,3,11,2,6,3,9,9,8,5,13,9,8,4,13,5,11,13,11,6,5,6,4,16,32,33,45,32,19,16,12,10,22
1462,PŁOCK,MAZOWIECKIE,1389,880,2269,13,17,24,18,35,19,31,27,29,33,23,30,30,22,29,29,23,38,50,25,21,37,42,60,52,35,24,13,26,25,11,18,19,28,19,23,22,28,25,33,25,34,33,30,41,19,23,22,21,11,97,87,122,153,137,91,60,49,48,60
1463,RADOM,MAZOWIECKIE,1660,1128,2788,17,26,35,27,34,27,30,23,37,38,26,32,38,19,29,27,41,57,66,33,34,54,91,92,43,59,21,20,19,33,14,22,27,18,23,31,25,36,38,32,26,29,29,28,42,28,31,31,32,30,108,113,144,176,140,109,87,60,59,92
1464,SIEDLCE,MAZOWIECKIE,1259,743,2002,5,23,23,28,35,24,35,26,35,29,28,26,24,31,21,29,20,29,35,25,15,27,27,39,25,25,13,12,12,17,11,20,23,23,15,20,30,25,14,24,28,26,19,22,35,25,19,29,20,23,69,74,99,169,107,73,59,46,36,76
1465,WARSZAWA,MAZOWIECKIE,65184,39488,104672,338,600,935,952,985,990,1012,1041,1142,1146,1114,1153,1061,1028,1095,1057,898,1411,2091,1582,2056,2661,3060,3055,2250,1426,926,542,768,1113,297,577,925,910,952,908,981,1075,1171,1132,1098,1224,1079,1028,1077,1025,915,1147,1454,1223,5004,5439,5829,6590,5723,4507,3374,2599,2280,3641
1601,BRZESKI,OPOLSKIE,1407,722,2129,4,6,28,25,25,30,30,23,19,39,33,23,33,32,35,24,18,21,32,26,16,18,41,43,25,11,10,13,27,12,5,11,34,32,18,29,31,30,40,24,37,31,33,43,31,29,29,25,22,22,87,99,118,143,115,78,56,39,49,67
1602,GŁUBCZYCKI,OPOLSKIE,334,217,551,<2,7,11,11,9,10,8,7,10,7,12,7,8,8,9,2,10,6,8,9,4,3,8,9,7,10,3,3,4,6,3,4,7,8,5,8,8,10,8,7,7,5,8,11,4,7,7,8,6,5,15,18,42,32,21,23,17,10,2,18
1603,KĘDZIERZYŃSKO-KOZIELSKI,OPOLSKIE,886,483,1369,8,7,15,23,17,20,25,17,21,16,21,20,19,15,14,18,12,15,28,19,14,6,29,25,20,7,9,4,11,8,8,6,15,15,13,19,26,25,17,20,23,21,10,18,24,15,10,15,16,13,48,52,69,107,83,54,33,27,25,59
1604,KLUCZBORSKI,OPOLSKIE,732,376,1108,<2,6,17,25,11,8,16,17,16,17,18,13,19,14,9,20,9,4,20,17,7,6,13,23,23,8,4,2,6,8,2,2,6,26,19,17,12,13,26,18,19,22,18,14,9,20,16,7,9,11,36,38,68,67,75,34,31,21,32,44
1605,KRAPKOWICKI,OPOLSKIE,906,533,1439,6,7,23,18,18,23,21,20,21,23,28,26,20,21,28,9,16,22,27,19,12,11,16,25,24,10,6,6,13,14,2,12,11,19,18,17,13,22,25,19,17,24,12,17,21,18,16,9,11,14,56,53,66,112,82,67,47,33,27,46
1606,NAMYSŁOWSKI,OPOLSKIE,622,306,928,<2,<2,15,11,7,11,13,9,7,10,11,20,12,8,10,16,5,15,9,13,13,6,15,19,12,8,9,3,5,13,<2,2,11,12,15,12,13,17,17,17,7,9,18,12,17,6,10,6,5,11,32,49,50,59,54,47,34,29,20,31
1607,NYSKI,OPOLSKIE,1314,682,1996,6,5,20,27,28,21,33,28,43,30,33,28,33,23,30,29,20,18,24,23,14,14,25,35,28,17,9,5,13,20,6,10,22,35,31,22,24,27,45,31,38,35,28,29,30,20,23,26,25,12,64,66,117,138,121,82,63,45,32,67
1608,OLESKI,OPOLSKIE,529,304,833,5,8,16,8,8,8,9,10,7,19,10,12,16,15,14,20,8,16,13,11,2,8,10,14,13,6,2,3,5,8,<2,6,15,8,10,11,17,13,12,15,12,16,13,9,12,10,14,9,5,4,29,27,55,60,36,31,18,9,25,27
1609,OPOLSKI,OPOLSKIE,2318,1282,3600,<2,7,44,48,47,41,38,42,47,67,48,55,61,52,56,63,41,42,60,53,24,34,51,76,45,37,19,16,29,38,2,7,37,49,61,45,51,44,56,76,52,45,46,47,50,57,37,42,44,41,127,127,200,274,196,147,99,75,73,111
1610,PRUDNICKI,OPOLSKIE,482,313,795,<2,<2,20,11,5,11,13,10,5,8,16,18,16,15,14,15,16,15,13,8,5,7,15,16,6,7,6,4,9,8,<2,3,11,4,8,9,6,9,13,16,18,14,10,10,12,13,13,6,11,11,21,16,43,53,33,36,25,16,14,28
1611,STRZELECKI,OPOLSKIE,1026,567,1593,5,6,25,12,27,25,16,30,19,22,25,37,28,21,27,17,18,19,21,23,14,18,24,22,16,20,7,4,9,10,3,4,14,27,14,17,32,21,25,20,21,22,26,20,25,12,20,18,16,16,62,73,94,111,93,66,57,32,31,34
1661,OPOLE,OPOLSKIE,2841,1797,4638,20,33,41,29,35,27,39,45,51,56,64,45,34,51,61,63,57,94,132,84,101,83,103,132,97,60,42,23,42,53,23,23,26,24,30,34,55,44,26,43,45,52,49,37,47,52,42,71,66,68,231,145,218,312,268,230,149,117,134,180
1801,BIESZCZADZKI,PODKARPACKIE,487,243,730,<2,4,10,7,10,7,3,9,15,8,11,15,9,8,11,11,5,6,3,4,7,5,13,17,12,6,6,<2,11,9,<2,2,8,10,9,14,10,9,8,8,10,11,14,8,18,12,9,10,4,4,18,21,43,77,27,31,18,20,15,38
1802,BRZOZOWSKI,PODKARPACKIE,170,107,277,<2,<2,3,4,7,5,5,6,4,6,8,3,<2,5,7,6,5,2,3,<2,<2,<2,6,5,4,4,<2,<2,2,3,2,3,7,6,5,5,3,3,2,4,6,6,2,2,2,4,5,2,<2,<2,4,13,15,20,12,8,5,6,6,10
1803,DĘBICKI,PODKARPACKIE,799,423,1222,<2,9,16,20,16,12,17,17,22,13,19,16,16,22,9,31,17,27,20,16,5,6,12,18,17,5,3,<2,7,13,<2,7,18,10,17,24,17,19,17,21,15,20,17,20,18,10,9,18,16,14,22,34,75,102,91,45,30,23,27,43
1804,JAROSŁAWSKI,PODKARPACKIE,1907,1323,3230,16,47,62,60,62,44,69,59,70,83,68,79,56,53,41,50,39,35,42,23,9,19,28,47,43,25,17,20,17,40,14,40,55,78,48,65,59,62,58,71,64,66,50,62,56,49,28,28,20,17,83,76,118,166,137,91,46,44,44,112
1805,JASIELSKI,PODKARPACKIE,292,182,474,<2,<2,7,7,7,4,10,7,9,8,10,5,11,7,5,7,4,4,10,8,3,<2,2,11,9,4,<2,3,3,14,<2,4,7,6,2,8,7,7,3,6,8,7,4,5,2,5,2,7,6,2,11,15,33,32,27,15,14,16,13,18
1806,KOLBUSZOWSKI,PODKARPACKIE,153,92,245,<2,<2,5,2,4,<2,3,3,3,4,6,4,6,7,4,<2,2,2,4,2,<2,<2,7,5,2,6,<2,<2,2,5,<2,<2,5,4,4,4,3,5,5,4,4,5,2,4,2,3,3,<2,2,4,7,7,15,15,12,11,9,3,4,5
1807,KROŚNIEŃSKI,PODKARPACKIE,454,245,699,<2,2,19,14,8,7,10,14,11,9,4,8,6,9,7,10,9,7,6,5,4,3,14,14,12,7,7,<2,8,11,<2,2,4,11,13,10,8,11,16,9,13,13,7,7,9,18,10,6,8,4,13,19,37,65,34,24,19,15,13,35
1808,LEŻAJSKI,PODKARPACKIE,291,174,465,<2,3,3,7,10,13,3,11,8,9,6,6,5,5,11,7,4,8,5,6,6,6,<2,7,6,3,3,<2,5,7,<2,7,5,8,5,3,5,5,9,5,17,2,7,8,5,5,7,8,6,7,17,12,13,25,29,24,13,8,10,15
1809,LUBACZOWSKI,PODKARPACKIE,304,226,530,<2,3,6,6,11,7,6,15,8,7,11,9,3,7,10,7,4,17,12,4,2,5,9,18,10,4,2,4,7,12,<2,4,8,7,5,11,5,7,7,8,5,5,8,6,9,2,5,4,4,6,14,11,27,27,40,19,10,10,13,17
1810,ŁAŃCUCKI,PODKARPACKIE,391,227,618,<2,3,3,11,13,8,12,6,19,8,12,5,6,6,11,6,4,10,9,9,4,7,7,17,6,4,3,3,6,8,<2,4,10,16,5,5,7,4,9,10,5,7,9,8,4,11,8,5,12,10,16,23,37,38,34,27,18,6,18,24
1811,MIELECKI,PODKARPACKIE,940,451,1391,3,4,14,19,13,12,17,18,21,14,16,16,15,22,20,13,14,19,20,13,12,25,13,25,26,14,10,4,11,8,2,9,7,13,16,17,11,17,12,13,15,21,24,17,22,20,7,12,14,19,72,74,78,96,95,63,53,41,31,49
1812,NIŻAŃSKI,PODKARPACKIE,261,205,466,<2,2,4,4,6,5,6,5,3,13,6,12,7,5,5,15,17,13,11,13,11,3,4,7,9,7,2,<2,2,7,2,<2,6,7,5,6,10,3,4,6,7,7,8,4,3,6,11,4,3,6,19,9,13,32,23,17,12,6,9,12
1813,PRZEMYSKI,PODKARPACKIE,977,660,1637,2,18,30,43,34,25,41,41,20,44,31,30,28,27,20,10,6,19,17,11,7,17,11,35,32,13,10,7,10,21,<2,19,21,29,37,34,33,32,36,38,37,26,29,20,22,14,10,21,15,12,41,53,71,91,62,48,37,17,28,43
1814,PRZEWORSKI,PODKARPACKIE,485,353,838,<2,2,10,7,7,14,11,12,12,12,12,13,14,10,11,14,23,33,40,25,3,6,8,13,6,6,2,4,11,12,<2,2,18,6,5,9,6,4,17,7,12,12,21,9,14,18,13,24,10,7,10,17,35,57,44,25,18,22,18,25
1815,ROPCZYCKO-SĘDZISZOWSKI,PODKARPACKIE,356,172,528,<2,<2,5,8,4,8,12,5,10,5,7,6,5,6,12,10,4,5,8,4,3,<2,4,4,10,6,5,2,4,8,<2,2,10,11,11,13,9,8,8,9,9,9,8,6,8,8,8,7,6,9,20,8,22,34,32,17,13,8,15,28
1816,RZESZOWSKI,PODKARPACKIE,917,560,1477,<2,8,20,25,19,22,23,22,37,30,25,22,10,24,27,21,16,21,21,12,10,14,23,30,27,14,5,10,10,12,<2,3,24,23,23,18,27,18,11,21,30,19,25,23,22,22,12,18,12,9,41,40,82,102,91,52,36,31,34,48
1817,SANOCKI,PODKARPACKIE,642,415,1057,<2,7,9,15,8,15,13,11,19,17,28,17,6,8,19,12,11,10,13,22,10,16,17,21,19,21,10,5,14,21,<2,<2,15,16,11,14,8,12,16,11,14,18,12,12,13,10,8,5,6,9,31,37,53,76,69,41,28,24,27,44
1818,STALOWOWOLSKI,PODKARPACKIE,576,349,925,4,7,6,12,7,16,12,14,10,15,8,13,6,10,10,11,8,9,13,13,13,5,13,13,25,14,17,9,21,15,4,5,15,14,9,13,10,6,11,11,16,12,18,10,13,8,10,9,10,10,29,29,36,60,60,36,27,23,24,38
1819,STRZYŻOWSKI,PODKARPACKIE,131,102,233,<2,<2,9,6,3,3,2,5,5,4,6,3,3,3,4,7,5,2,7,<2,<2,<2,4,5,6,2,2,2,<2,<2,<2,<2,3,3,4,4,<2,<2,2,4,2,3,3,3,3,<2,4,4,<2,2,3,7,11,16,16,9,6,3,3,8
1820,TARNOBRZESKI,PODKARPACKIE,184,156,340,3,<2,<2,3,6,6,4,2,5,6,5,9,3,6,4,14,17,6,17,8,2,3,6,5,4,<2,<2,4,<2,4,<2,<2,4,6,6,4,3,4,4,4,5,<2,2,5,8,11,3,4,4,5,8,14,13,18,18,11,6,3,4,6
1821,LESKI,PODKARPACKIE,455,280,735,<2,4,12,9,12,13,10,13,12,14,14,9,12,10,10,14,6,5,5,5,<2,10,8,9,14,10,5,5,4,24,<2,3,12,12,15,7,10,15,12,11,7,10,8,11,9,11,4,6,5,8,16,13,32,48,43,31,20,15,16,45
1861,KROSNO,PODKARPACKIE,358,224,582,2,3,7,6,11,9,11,9,6,9,8,10,7,8,6,9,7,9,5,8,4,7,7,15,15,6,4,4,8,4,2,4,5,5,5,8,6,6,9,5,9,8,6,5,10,6,10,5,5,3,28,15,23,39,36,32,17,11,11,24
1862,PRZEMYŚL,PODKARPACKIE,2038,1473,3511,7,44,69,69,65,60,59,65,78,80,75,83,75,68,73,37,22,59,50,13,12,36,53,52,40,36,15,17,22,39,5,47,74,60,62,70,82,76,75,84,80,68,58,68,58,42,34,40,37,18,82,96,135,146,115,78,63,39,45,101
1863,RZESZÓW,PODKARPACKIE,4397,2691,7088,33,54,67,73,70,71,57,63,69,59,80,73,62,63,58,67,56,124,183,108,126,122,188,224,183,105,70,42,52,89,30,62,65,55,60,70,59,60,67,63,63,69,56,52,57,43,64,53,122,165,428,322,346,465,445,301,227,142,137,249
1864,TARNOBRZEG,PODKARPACKIE,373,239,612,<2,4,7,5,6,5,7,5,10,5,8,4,8,6,4,7,11,19,19,20,13,6,9,12,14,4,9,<2,4,6,<2,2,3,4,8,6,4,15,8,9,6,12,3,8,6,13,14,15,19,17,17,16,24,36,31,21,16,10,14,15
2001,AUGUSTOWSKI,PODLASKIE,768,445,1213,<2,10,10,16,9,17,14,12,15,13,17,18,23,19,21,18,12,9,13,15,11,16,18,34,31,14,13,7,5,14,<2,5,11,12,18,13,21,15,21,18,25,22,11,17,16,15,15,14,6,4,35,35,59,102,72,42,28,30,24,61
2002,BIAŁOSTOCKI,PODLASKIE,1419,864,2283,2,<2,19,27,38,33,27,52,37,43,45,37,29,32,45,34,27,30,31,29,23,22,30,53,32,26,7,9,20,24,<2,5,34,36,26,37,27,31,34,41,31,37,39,30,35,33,20,28,24,25,59,74,108,140,143,89,66,50,45,72
2003,BIELSKI,PODLASKIE,552,311,863,<2,2,13,9,3,13,12,14,6,18,9,8,7,12,12,12,9,8,26,9,5,7,8,23,26,13,4,5,11,6,<2,4,9,11,8,9,9,19,9,11,7,9,13,11,12,6,6,6,5,5,54,34,41,75,58,48,27,20,3,22
2004,GRAJEWSKI,PODLASKIE,159,96,255,<2,<2,<2,4,4,2,3,4,5,<2,6,7,4,4,4,4,3,6,<2,3,4,<2,2,7,6,<2,2,<2,5,2,<2,<2,<2,<2,2,<2,6,8,3,2,3,7,2,6,<2,2,3,3,2,<2,7,11,12,24,13,9,6,8,6,8
2005,HAJNOWSKI,PODLASKIE,298,169,467,<2,4,7,9,7,7,4,5,6,4,11,8,7,5,11,6,6,7,5,6,2,4,4,10,7,7,3,<2,<2,6,<2,3,6,4,7,7,9,7,6,4,6,2,10,9,8,4,<2,5,3,5,20,16,15,27,34,20,13,10,13,24
2006,KOLNEŃSKI,PODLASKIE,70,46,116,<2,<2,3,2,<2,<2,2,2,<2,2,3,<2,4,2,4,<2,<2,2,3,<2,<2,<2,<2,3,2,<2,<2,<2,2,<2,<2,<2,<2,6,2,3,<2,<2,<2,<2,<2,<2,<2,<2,<2,<2,<2,<2,<2,<2,3,4,9,10,9,5,3,<2,3,4
2007,ŁOMŻYŃSKI,PODLASKIE,312,181,493,<2,3,6,2,5,8,12,11,13,5,11,7,10,4,6,13,10,3,6,7,3,3,6,9,4,2,<2,<2,2,8,<2,<2,8,6,3,9,10,7,6,7,5,11,9,7,8,9,5,10,8,5,10,11,28,33,33,12,10,8,15,17
2008,MONIECKI,PODLASKIE,118,56,174,<2,<2,<2,5,5,<2,3,5,5,2,5,<2,5,3,3,<2,2,<2,<2,<2,<2,<2,<2,3,<2,<2,<2,<2,<2,<2,<2,<2,5,5,<2,2,6,4,4,2,2,6,2,2,3,3,<2,3,<2,3,2,9,14,7,4,8,3,2,4,10
2009,SEJNEŃSKI,PODLASKIE,111,60,171,<2,<2,4,<2,2,<2,2,<2,3,2,3,7,3,<2,5,2,2,5,2,3,2,<2,<2,2,<2,3,<2,<2,<2,3,<2,<2,<2,<2,2,<2,<2,4,6,2,3,3,2,3,4,2,3,2,<2,<2,8,2,7,20,5,6,6,4,5,9
2010,SIEMIATYCKI,PODLASKIE,296,177,473,<2,3,9,8,10,6,7,7,6,10,14,9,6,6,10,8,<2,6,6,5,4,3,7,2,4,6,2,2,3,6,<2,<2,9,6,5,2,6,6,9,9,4,10,4,5,12,5,4,4,4,3,19,9,25,32,32,15,13,6,16,21
2011,SOKÓLSKI,PODLASKIE,805,157,962,<2,<2,6,5,6,2,5,8,7,5,4,5,7,9,7,6,3,3,5,6,<2,8,11,<2,7,4,2,3,13,7,<2,2,3,4,9,2,3,6,5,2,5,9,9,4,2,2,3,5,10,10,35,36,67,97,103,84,109,88,66,25
2012,SUWALSKI,PODLASKIE,235,144,379,<2,<2,4,7,4,5,5,5,7,6,4,5,14,10,6,8,<2,7,6,<2,4,<2,6,9,5,<2,4,3,2,6,<2,<2,5,3,3,9,12,4,<2,5,7,9,7,3,3,6,5,4,3,3,4,14,25,26,28,8,6,9,10,13
2013,WYSOKOMAZOWIECKI,PODLASKIE,325,222,547,<2,<2,8,9,14,4,12,8,10,10,12,6,9,12,9,8,7,6,12,5,2,10,11,7,9,3,<2,<2,11,4,2,<2,10,5,3,9,9,9,10,8,11,11,5,5,4,10,3,4,3,2,15,16,38,44,19,20,19,12,11,8
2014,ZAMBROWSKI,PODLASKIE,602,320,922,3,5,10,12,13,13,11,14,8,16,12,9,13,16,15,10,5,17,12,12,12,9,11,14,19,6,9,3,4,7,<2,2,7,8,13,12,18,6,12,15,14,14,11,11,11,13,5,12,11,4,33,41,55,53,53,38,40,39,27,23
2061,BIAŁYSTOK,PODLASKIE,2029,1209,3238,12,23,25,34,27,35,43,33,44,44,31,40,48,35,43,42,39,35,49,36,49,58,49,97,62,49,26,22,29,50,14,25,25,28,30,28,43,40,30,38,31,41,39,31,29,46,28,27,33,24,118,123,157,225,189,139,116,92,83,157
2062,ŁOMŻA,PODLASKIE,394,237,631,6,6,5,6,8,8,5,11,12,16,6,10,11,12,9,4,2,8,14,4,7,5,13,11,12,7,4,2,6,7,5,7,3,5,7,9,10,7,2,8,3,8,8,8,11,11,6,7,8,7,28,22,28,41,44,27,13,18,10,23
2063,SUWAŁKI,PODLASKIE,646,386,1032,4,3,10,14,6,7,16,16,18,21,7,14,16,12,11,13,15,12,10,14,15,10,26,33,12,13,11,6,11,10,<2,6,8,12,13,9,11,16,11,11,16,14,15,15,17,11,11,12,9,9,25,30,59,86,51,47,20,38,27,37
2201,BYTOWSKI,POMORSKIE,1192,663,1855,4,13,22,17,20,11,25,32,21,24,31,33,25,28,23,25,16,19,18,20,16,29,49,42,31,15,10,7,14,23,3,12,26,23,17,17,29,31,28,29,40,26,27,18,32,31,22,25,20,15,63,64,122,133,92,77,49,34,30,57
2202,CHOJNICKI,POMORSKIE,1093,672,1765,3,17,16,24,18,28,26,22,26,34,29,29,30,27,31,19,34,15,25,18,11,22,33,35,33,14,10,6,20,17,7,6,22,15,18,25,17,20,24,17,29,33,18,21,22,24,22,11,12,11,54,61,96,124,111,75,52,50,49,47
2203,CZŁUCHOWSKI,POMORSKIE,639,396,1035,<2,<2,11,9,7,5,8,19,9,18,16,15,14,17,9,32,32,26,26,19,17,9,18,15,15,8,5,<2,6,10,2,3,13,7,8,6,5,5,12,17,13,15,19,11,15,25,19,15,18,21,53,35,42,70,57,48,26,19,15,25
2204,GDAŃSKI,POMORSKIE,3391,1741,5132,3,13,42,64,52,59,57,51,74,62,78,88,69,55,71,74,64,61,87,67,65,73,72,105,68,51,20,25,22,49,<2,9,45,48,65,56,48,63,76,65,66,76,54,65,61,70,75,55,49,71,278,241,318,346,335,220,163,92,84,196
2205,KARTUSKI,POMORSKIE,3184,1792,4976,16,27,41,59,62,68,53,60,79,79,80,70,85,73,73,75,61,66,77,44,44,54,90,114,84,40,28,19,24,47,15,21,56,59,52,64,67,69,87,66,80,63,74,67,70,68,54,49,40,51,206,171,275,396,301,198,137,100,99,129
2206,KOŚCIERSKI,POMORSKIE,1006,595,1601,5,9,13,9,20,20,23,19,26,33,32,31,32,32,28,36,31,18,21,16,14,11,21,35,19,11,9,2,9,10,2,4,16,17,29,19,13,26,24,32,33,28,28,22,22,28,21,17,18,16,52,50,75,112,86,73,49,20,30,44
2207,KWIDZYŃSKI,POMORSKIE,636,306,942,4,9,3,13,10,14,13,9,9,17,13,11,11,4,13,16,9,12,14,11,10,12,11,16,9,11,6,2,5,9,2,3,11,7,13,10,10,16,11,10,7,17,9,13,16,9,9,7,4,19,82,48,53,51,56,37,29,21,20,36
2208,LĘBORSKI,POMORSKIE,777,376,1153,<2,4,16,12,13,9,17,19,16,16,17,15,12,16,16,14,10,15,12,5,9,8,17,25,21,4,3,2,17,15,3,7,6,8,19,14,8,13,14,19,18,17,28,11,18,12,7,11,8,11,39,31,69,105,62,62,45,36,38,38
2209,MALBORSKI,POMORSKIE,585,337,922,<2,11,9,12,10,11,19,14,12,17,17,12,12,12,16,11,7,8,12,13,7,6,11,20,13,5,5,7,13,14,2,4,18,13,9,10,9,11,13,11,15,11,13,13,16,15,8,7,12,7,28,26,56,64,56,38,16,21,26,37
2210,NOWODWORSKI,POMORSKIE,1044,469,1513,<2,2,10,17,21,17,16,20,23,23,19,25,23,22,20,9,12,19,20,22,8,13,13,30,19,13,8,4,12,9,<2,2,14,13,18,11,10,16,20,19,18,25,17,28,31,17,21,20,13,19,61,63,73,105,114,93,79,44,33,47
2211,PUCKI,POMORSKIE,2777,1234,4011,2,5,53,38,47,53,38,63,40,54,62,60,49,51,53,49,35,39,55,43,21,23,52,75,56,38,18,14,20,28,<2,4,45,53,44,42,46,55,64,62,50,76,63,57,49,47,34,43,36,55,152,160,248,313,275,236,171,125,81,91
2212,SŁUPSKI,POMORSKIE,3310,1577,4887,<2,11,41,48,68,37,54,53,53,60,67,60,56,55,75,58,55,63,83,74,56,71,79,81,71,33,31,16,38,29,<2,11,44,44,46,42,45,52,64,52,79,64,55,73,56,70,58,59,53,86,270,191,226,360,300,276,237,179,104,113
2213,STAROGARDZKI,POMORSKIE,1391,790,2181,7,8,24,33,28,40,16,35,37,39,38,35,33,29,39,30,24,17,32,19,9,24,42,49,31,27,12,10,14,9,7,10,21,24,20,35,32,33,29,28,31,41,27,32,33,31,21,18,19,17,88,100,126,155,133,65,62,48,41,64
2214,TCZEWSKI,POMORSKIE,1483,766,2249,7,12,15,23,18,27,28,25,19,35,22,33,42,33,30,28,32,30,33,44,27,31,36,37,33,22,11,6,9,18,7,11,19,24,23,26,18,35,35,24,34,28,39,33,35,30,30,34,28,31,143,99,129,136,117,102,65,49,33,66
2215,WEJHEROWSKI,POMORSKIE,3030,1708,4738,18,22,45,64,58,59,63,63,86,82,72,89,70,52,67,72,40,37,69,58,34,38,82,110,69,50,41,16,29,53,20,30,45,50,61,61,68,76,66,85,56,72,73,53,81,63,45,49,47,41,146,177,276,346,272,183,125,118,90,155
2216,SZTUMSKI,POMORSKIE,204,92,296,<2,<2,6,3,<2,4,7,4,<2,7,8,4,4,6,<2,6,2,2,4,5,3,<2,<2,5,3,<2,<2,<2,<2,3,<2,2,4,6,4,6,2,3,6,5,2,6,6,2,7,3,6,3,2,7,16,7,16,30,19,11,7,3,6,7
2261,GDAŃSK,POMORSKIE,10629,6458,17087,75,109,117,134,142,165,158,190,182,180,201,204,186,193,172,197,177,195,289,240,333,426,526,527,329,248,131,99,172,161,79,100,117,133,141,143,150,164,182,181,186,188,206,175,195,201,161,155,177,193,796,814,935,1135,909,722,603,465,392,631
2262,GDYNIA,POMORSKIE,5131,3309,8440,17,51,78,83,73,101,99,85,96,105,91,98,120,94,103,117,79,102,106,115,128,201,268,263,185,127,103,57,78,86,20,40,63,65,87,74,86,84,102,112,105,103,80,106,90,104,79,70,81,72,313,390,490,565,438,338,275,213,166,320
2263,SŁUPSK,POMORSKIE,1428,714,2142,13,14,18,16,16,22,24,25,29,25,17,26,32,31,35,30,24,18,39,35,30,29,34,32,24,17,11,6,17,25,13,18,12,17,23,25,13,26,25,25,22,25,20,17,25,45,20,23,21,23,158,90,103,142,120,103,94,62,47,71
2264,SOPOT,POMORSKIE,1173,559,1732,<2,3,16,12,17,18,23,19,20,24,21,20,23,19,28,18,13,22,19,9,12,27,32,32,33,26,11,9,12,20,<2,3,15,18,15,13,19,24,17,27,24,25,18,20,26,27,25,11,20,16,64,70,96,135,103,96,45,50,57,94
2401,BĘDZIŃSKI,ŚLĄSKIE,2128,1169,3297,2,9,37,41,33,36,43,41,39,55,48,48,50,61,50,49,39,34,51,46,23,45,38,68,66,35,22,10,18,32,<2,10,26,46,34,45,37,39,47,49,56,47,65,39,34,45,39,38,26,42,136,125,213,230,210,114,90,84,57,104
2402,BIELSKI,ŚLĄSKIE,2304,1346,3650,4,15,43,47,45,46,48,57,58,61,58,67,55,49,61,48,42,52,54,49,38,36,52,73,61,33,22,19,23,30,<2,11,42,39,58,47,51,46,55,51,63,51,48,68,58,52,42,38,31,36,119,132,200,274,204,144,97,75,58,113
2403,CIESZYŃSKI,ŚLĄSKIE,3661,1858,5519,8,24,58,78,58,65,81,73,62,104,81,84,74,69,78,81,51,80,76,77,44,48,79,76,66,37,33,16,35,62,7,28,61,71,62,62,72,80,78,89,91,95,94,83,82,74,66,53,53,51,184,208,300,421,338,232,164,139,111,212
2404,CZĘSTOCHOWSKI,ŚLĄSKIE,1758,946,2704,3,6,30,39,46,42,38,33,50,46,38,50,58,37,42,44,36,29,47,34,13,15,27,37,38,22,11,5,13,17,4,5,36,38,32,34,48,33,51,58,42,47,51,45,29,36,37,28,37,22,85,105,147,181,183,109,80,48,40,67
2405,GLIWICKI,ŚLĄSKIE,1589,828,2417,6,5,29,39,35,28,39,34,32,42,47,39,47,36,38,31,31,38,33,30,14,11,20,28,37,20,6,3,9,21,2,5,32,22,37,38,46,41,33,51,40,39,36,35,33,39,23,28,23,20,81,108,137,201,136,94,47,45,51,66
2406,KŁOBUCKI,ŚLĄSKIE,737,425,1162,<2,5,9,16,18,15,19,14,24,22,22,22,21,22,13,23,10,16,21,16,13,12,7,17,15,12,3,<2,9,9,<2,5,12,12,15,13,16,17,16,20,15,20,14,16,16,13,20,10,12,13,42,43,51,100,62,53,25,18,23,44
2407,LUBLINIECKI,ŚLĄSKIE,603,362,965,<2,5,9,13,19,12,21,16,13,27,20,20,13,14,16,14,7,5,12,18,3,7,9,24,7,12,7,5,5,8,3,4,16,15,10,9,13,13,13,11,20,9,19,20,16,11,13,10,8,10,27,30,58,74,48,38,24,19,12,30
2408,MIKOŁOWSKI,ŚLĄSKIE,1240,646,1886,6,4,31,22,19,28,20,35,25,26,36,32,24,25,25,28,23,15,34,18,10,13,20,32,35,17,10,5,13,15,8,5,29,21,15,24,25,27,25,29,28,27,31,29,27,26,21,18,17,8,60,62,121,154,142,70,42,53,35,61
2409,MYSZKOWSKI,ŚLĄSKIE,1105,558,1663,4,8,19,11,24,17,16,22,23,28,23,34,21,20,24,27,13,23,25,22,12,12,27,24,26,16,9,9,11,8,3,8,18,24,19,24,27,19,23,29,22,28,16,30,34,26,15,21,8,19,62,66,84,125,109,67,56,44,32,47
2410,PSZCZYŃSKI,ŚLĄSKIE,1210,676,1886,6,9,20,31,27,27,25,29,28,39,31,31,25,21,23,26,26,25,35,16,18,20,27,29,27,15,9,3,10,18,4,15,27,30,25,20,21,33,21,30,24,27,29,26,28,25,15,10,28,21,78,66,98,113,110,80,57,40,42,67
2411,RACIBORSKI,ŚLĄSKIE,1101,696,1797,5,14,12,28,21,24,30,29,26,25,24,24,32,20,22,27,20,17,19,20,26,30,46,43,32,17,15,6,15,27,4,9,20,25,12,18,26,21,30,22,23,24,24,23,27,22,28,17,14,12,64,56,98,133,104,78,44,44,27,52
2412,RYBNICKI,ŚLĄSKIE,632,340,972,<2,2,16,15,14,12,20,10,6,9,14,12,16,14,18,21,11,12,13,15,9,6,13,18,12,8,4,<2,9,10,<2,4,16,16,16,18,11,16,16,16,13,13,12,12,12,15,4,8,16,7,25,40,56,76,48,37,29,17,22,41
2413,TARNOGÓRSKI,ŚLĄSKIE,1514,843,2357,5,13,37,37,27,33,33,33,42,42,35,38,38,29,33,36,22,33,34,28,11,22,33,30,31,20,11,13,19,25,2,6,30,23,21,33,32,26,37,41,33,31,38,40,37,34,20,18,24,27,62,67,150,173,159,96,69,47,42,96
2414,BIERUŃSKO-LĘDZIŃSKI,ŚLĄSKIE,799,464,1263,<2,4,16,15,17,15,16,15,16,23,28,20,23,21,24,20,15,15,26,20,6,20,16,25,20,9,5,<2,6,6,<2,<2,13,16,11,18,21,20,14,21,20,15,26,11,19,13,12,12,8,15,64,60,62,83,79,50,35,16,23,41
2415,WODZISŁAWSKI,ŚLĄSKIE,1416,844,2260,4,11,16,42,27,37,31,39,32,38,36,36,32,36,39,41,34,27,41,20,17,19,33,47,26,34,11,5,14,19,5,6,33,25,25,19,31,35,36,36,35,27,35,32,33,31,28,15,25,23,58,80,122,171,131,93,61,49,50,66
2416,ZAWIERCIAŃSKI,ŚLĄSKIE,1282,627,1909,4,8,18,24,23,18,30,28,34,29,14,24,26,23,20,24,17,27,27,32,18,12,21,40,21,14,14,5,13,19,6,9,20,24,25,24,23,10,34,24,39,32,23,20,16,20,19,17,13,13,81,74,124,142,120,99,72,71,34,54
2417,ŻYWIECKI,ŚLĄSKIE,2418,1456,3874,5,20,44,49,44,39,48,58,59,72,59,66,50,69,67,98,74,78,76,31,22,19,58,58,49,41,26,19,24,34,7,4,45,48,38,47,46,53,58,70,58,63,58,87,58,77,55,34,31,33,109,147,195,254,226,165,98,80,58,116
2461,BIELSKO-BIAŁA,ŚLĄSKIE,3412,1963,5375,18,30,33,52,53,51,52,69,64,51,68,70,80,65,68,66,65,77,91,65,79,84,119,128,118,65,54,20,54,54,14,28,43,44,47,43,61,64,54,60,65,70,70,55,73,69,76,67,51,57,250,222,285,359,306,263,185,139,112,180
2462,BYTOM,ŚLĄSKIE,1552,895,2447,7,16,17,23,38,30,32,38,43,34,35,32,33,21,38,30,18,30,21,33,22,38,47,64,37,34,29,16,21,18,4,12,16,29,22,22,32,25,29,28,31,29,39,25,28,43,34,26,24,21,104,93,158,187,145,119,57,47,33,90
2463,CHORZÓW,ŚLĄSKIE,1195,670,1865,11,11,16,26,19,14,22,25,24,24,24,30,22,13,25,25,20,23,33,29,25,22,36,37,37,20,12,7,20,18,4,16,17,16,16,13,15,16,20,22,22,24,20,28,27,19,26,16,18,23,87,88,95,138,120,86,55,38,41,69
2464,CZĘSTOCHOWA,ŚLĄSKIE,3068,1783,4851,15,26,47,34,36,50,55,48,44,56,59,61,52,59,61,48,49,109,135,79,65,81,76,145,89,58,41,18,35,52,15,31,33,47,53,42,60,35,52,59,59,59,60,58,51,67,59,59,70,83,234,188,248,334,282,214,139,94,97,186
2465,DĄBROWA GÓRNICZA,ŚLĄSKIE,1386,822,2208,4,9,17,24,20,15,25,34,30,40,30,22,40,30,30,31,31,31,39,30,28,40,38,39,40,35,17,10,12,31,4,10,16,30,20,16,31,35,18,28,38,28,22,26,23,28,16,17,20,21,88,93,127,164,138,110,64,45,39,71
2466,GLIWICE,ŚLĄSKIE,3178,1830,5008,22,27,37,43,42,43,53,62,64,60,62,69,48,58,61,56,58,86,108,85,79,95,100,115,80,81,43,19,31,43,13,30,39,41,56,44,64,49,51,53,62,54,65,59,64,73,61,48,65,70,239,222,266,341,309,202,172,111,91,164
2467,JASTRZĘBIE-ZDRÓJ,ŚLĄSKIE,479,239,718,3,5,6,6,13,7,13,10,13,11,14,4,11,10,7,3,8,12,9,5,4,8,10,14,8,4,2,3,6,10,4,3,13,9,6,11,9,19,5,14,13,11,8,9,10,12,6,6,10,7,20,27,42,63,38,24,18,10,16,36
2468,JAWORZNO,ŚLĄSKIE,723,423,1146,<2,2,14,13,10,16,16,22,19,14,26,20,18,15,17,17,9,20,16,20,5,7,15,15,22,15,13,5,8,14,<2,2,8,13,15,20,10,23,12,20,20,13,19,13,21,9,17,8,8,14,30,34,63,83,75,43,25,30,27,47
2469,KATOWICE,ŚLĄSKIE,6830,4121,10951,46,63,78,101,88,110,121,96,113,127,110,129,112,118,118,130,89,159,202,131,189,255,320,338,241,165,101,52,89,130,46,69,75,107,92,114,94,116,94,123,144,120,109,113,122,110,97,116,117,127,536,553,621,767,604,484,361,224,195,380
2470,MYSŁOWICE,ŚLĄSKIE,779,504,1283,5,7,19,16,20,11,16,18,17,18,18,18,19,18,18,13,22,20,22,10,12,16,27,30,29,22,13,6,11,13,7,5,10,8,13,11,13,19,16,17,10,19,14,19,20,17,12,10,7,9,55,60,80,88,67,54,31,23,22,43
2471,PIEKARY ŚLĄSKIE,ŚLĄSKIE,270,150,420,2,4,4,5,6,7,2,2,6,6,8,4,6,6,6,6,5,6,5,6,6,5,11,8,6,<2,5,3,<2,2,3,3,7,5,5,4,4,6,10,6,5,10,8,10,5,8,3,5,2,3,21,18,17,31,27,11,13,5,<2,14
2472,RUDA ŚLĄSKA,ŚLĄSKIE,936,551,1487,7,10,13,11,13,23,15,24,25,15,15,19,21,16,17,16,16,21,24,22,15,16,34,43,32,34,7,3,12,12,6,18,12,14,13,22,11,18,11,20,17,23,12,6,22,12,11,20,21,19,66,64,85,83,88,65,53,42,30,52
2473,RYBNIK,ŚLĄSKIE,1135,787,1922,2,15,21,23,26,21,21,22,28,33,23,37,15,45,22,33,22,22,24,20,26,33,42,51,52,37,19,10,19,23,6,3,16,16,20,13,22,26,22,21,24,28,29,22,24,29,12,20,19,17,58,65,100,144,100,81,40,34,38,86
2474,SIEMIANOWICE ŚLĄSKIE,ŚLĄSKIE,507,323,830,5,5,7,9,15,10,15,11,15,10,10,12,15,18,13,9,6,10,10,8,9,20,13,20,9,9,13,3,4,10,3,8,3,7,6,6,5,9,11,9,17,9,12,12,13,12,6,6,9,2,21,34,56,49,46,40,21,21,19,35
2475,SOSNOWIEC,ŚLĄSKIE,3125,1733,4858,26,28,32,43,47,43,47,61,46,72,70,56,66,41,57,64,40,65,99,80,83,95,85,119,84,64,41,22,26,31,14,21,54,41,45,45,33,52,56,67,62,59,57,51,61,45,25,48,51,79,289,260,276,291,293,254,169,136,69,122
2476,ŚWIĘTOCHŁOWICE,ŚLĄSKIE,327,172,499,<2,2,4,5,7,6,4,4,7,8,7,5,9,9,10,5,4,8,7,4,4,5,10,14,10,<2,3,<2,4,5,<2,2,7,16,7,3,6,6,13,8,4,6,6,5,11,2,2,5,3,4,18,23,25,47,15,19,15,17,14,17
2477,TYCHY,ŚLĄSKIE,2758,1521,4279,15,23,33,46,43,40,39,48,45,49,53,62,51,47,54,54,50,43,78,69,76,79,78,92,87,48,32,17,37,33,12,16,34,45,50,36,49,58,49,51,47,62,53,46,49,55,40,46,52,73,229,184,276,299,252,173,124,103,92,103
2478,ZABRZE,ŚLĄSKIE,1937,1097,3034,7,19,35,41,33,25,41,40,38,49,35,42,42,31,35,43,26,33,51,28,33,44,66,73,74,27,21,13,29,23,4,11,22,38,22,37,32,34,32,45,40,42,34,41,40,31,38,30,39,29,111,138,173,218,205,128,100,58,67,98
2479,ŻORY,ŚLĄSKIE,1037,589,1626,4,6,13,14,12,15,16,14,31,21,23,23,19,20,22,10,24,19,28,29,29,29,37,48,26,18,12,3,14,10,6,7,14,12,10,23,15,26,17,16,23,17,23,21,13,28,24,12,19,19,75,97,84,105,97,84,52,34,21,43
2601,BUSKI,ŚWIĘTOKRZYSKIE,681,365,1046,<2,5,6,6,10,8,9,13,12,12,14,6,20,13,10,10,19,15,15,9,10,16,11,32,24,14,10,5,14,16,2,5,6,13,12,15,7,18,10,14,10,13,9,14,10,16,3,11,14,10,41,31,60,78,67,52,34,30,37,39
2602,JĘDRZEJOWSKI,ŚWIĘTOKRZYSKIE,470,219,689,<2,5,10,13,12,10,8,7,6,16,14,9,6,6,5,6,12,8,7,5,2,3,12,8,13,3,3,<2,3,6,<2,4,8,12,12,13,12,9,12,15,15,15,12,14,14,8,6,6,10,5,23,20,38,51,40,27,11,15,15,27
2603,KAZIMIERSKI,ŚWIĘTOKRZYSKIE,304,152,456,<2,<2,6,3,5,4,6,7,6,6,6,12,10,9,9,7,5,4,4,9,<2,5,6,5,5,3,2,3,2,3,<2,<2,9,4,4,7,8,5,7,4,13,9,6,4,6,7,7,9,3,3,11,17,23,38,22,22,16,11,8,20
2604,KIELECKI,ŚWIĘTOKRZYSKIE,1406,840,2246,<2,8,33,32,36,35,36,35,44,43,37,47,52,39,40,32,35,33,37,17,10,13,21,31,32,12,10,6,12,22,<2,9,29,28,27,30,26,32,28,35,42,30,31,31,37,26,29,20,24,13,70,74,116,176,153,79,53,42,39,77
2605,KONECKI,ŚWIĘTOKRZYSKIE,561,264,825,2,<2,11,11,6,8,12,8,16,12,10,18,11,12,6,13,10,5,13,8,9,2,12,13,12,4,3,3,5,8,<2,3,6,13,7,18,10,11,8,17,12,12,20,16,14,12,15,10,4,6,16,23,45,68,57,35,28,28,20,26
2606,OPATOWSKI,ŚWIĘTOKRZYSKIE,167,137,304,<2,<2,4,<2,2,6,2,<2,4,5,5,3,4,4,5,13,18,6,18,6,3,<2,5,4,4,2,3,3,4,3,<2,<2,<2,2,4,4,<2,2,4,4,3,2,2,2,6,4,10,6,3,4,7,9,8,19,18,10,9,3,5,13
2607,OSTROWIECKI,ŚWIĘTOKRZYSKIE,566,288,854,2,6,9,5,12,9,7,16,11,8,8,17,9,9,9,5,7,16,7,18,8,8,14,18,17,7,7,5,8,6,4,3,8,12,6,13,10,12,9,6,14,11,8,12,12,14,12,8,4,9,29,34,49,67,43,42,33,28,19,35
2608,PIŃCZOWSKI,ŚWIĘTOKRZYSKIE,226,123,349,<2,3,3,3,5,<2,3,12,12,9,8,7,5,7,5,3,4,4,3,3,<2,2,3,5,<2,4,3,2,<2,2,<2,<2,9,4,4,4,7,5,5,4,9,11,3,5,4,9,3,<2,<2,4,10,9,26,21,19,17,9,6,4,12
2609,SANDOMIERSKI,ŚWIĘTOKRZYSKIE,673,444,1117,<2,15,16,14,8,9,11,14,11,12,14,10,17,12,13,10,38,30,28,10,9,16,19,31,22,11,10,3,17,13,<2,7,12,13,6,9,9,17,13,13,16,13,17,8,16,15,15,26,16,12,36,32,49,66,67,49,28,21,33,39
2610,SKARŻYSKI,ŚWIĘTOKRZYSKIE,715,367,1082,<2,9,12,16,7,16,12,12,5,21,17,21,9,24,15,13,9,9,11,10,9,7,15,33,12,9,7,2,10,14,3,7,9,17,19,11,13,18,17,11,13,17,11,8,10,12,12,14,9,14,44,37,59,79,62,56,45,32,17,39
2611,STARACHOWICKI,ŚWIĘTOKRZYSKIE,842,400,1242,4,3,9,15,17,13,13,8,18,21,16,12,15,13,20,18,18,20,13,9,7,18,25,24,20,4,6,7,7,7,<2,3,12,14,10,11,7,14,12,15,13,21,9,10,7,11,10,10,11,18,87,62,87,74,92,72,48,41,21,39
2612,STASZOWSKI,ŚWIĘTOKRZYSKIE,267,164,431,<2,2,5,3,7,9,8,11,13,3,6,9,9,5,4,7,4,7,5,7,4,<2,7,8,8,3,2,<2,2,4,<2,4,5,8,4,7,6,5,7,8,7,6,4,5,7,<2,5,4,2,2,15,19,26,31,27,12,9,9,10,12
2613,WŁOSZCZOWSKI,ŚWIĘTOKRZYSKIE,283,150,433,<2,2,3,4,5,2,7,12,5,11,7,6,6,8,4,6,<2,6,6,6,5,4,4,8,3,4,4,3,4,5,<2,<2,3,4,8,4,5,6,7,5,9,5,6,6,5,2,3,2,6,13,13,20,32,25,30,19,17,7,9,11
2661,KIELCE,ŚWIĘTOKRZYSKIE,2301,1590,3891,30,34,40,39,39,37,32,28,46,48,45,39,34,38,29,89,134,113,116,81,44,68,71,85,64,57,29,21,21,39,32,35,33,31,29,31,34,36,41,38,25,38,44,44,31,84,102,102,66,59,167,143,158,216,197,133,111,70,57,114
2801,BARTOSZYCKI,WARMIŃSKO-MAZURSKIE,185,101,286,2,<2,2,4,3,4,3,3,5,7,5,11,3,3,<2,7,5,5,4,5,<2,<2,3,5,3,2,2,<2,<2,<2,<2,<2,5,3,<2,6,5,2,4,5,2,<2,3,5,5,7,5,6,4,<2,9,9,15,20,22,12,9,5,5,10
2802,BRANIEWSKI,WARMIŃSKO-MAZURSKIE,163,89,252,<2,<2,2,<2,3,3,3,5,4,4,6,9,4,5,7,4,4,2,4,3,<2,4,3,<2,3,3,<2,<2,<2,<2,<2,<2,2,3,3,2,3,3,5,2,5,8,6,7,9,7,5,2,4,3,2,<2,10,19,19,6,7,6,6,8
2803,DZIAŁDOWSKI,WARMIŃSKO-MAZURSKIE,366,190,556,<2,2,<2,4,4,7,5,9,4,8,7,10,8,9,12,5,10,7,11,7,8,6,5,9,7,6,7,3,4,5,3,4,6,8,7,7,6,6,7,10,11,8,8,<2,8,7,6,7,5,8,32,28,21,35,33,35,11,9,14,15
2804,ELBLĄSKI,WARMIŃSKO-MAZURSKIE,234,117,351,<2,2,6,6,9,6,6,7,6,6,5,7,5,7,5,5,<2,3,2,4,<2,<2,2,2,3,<2,<2,<2,<2,6,<2,3,6,3,4,4,8,5,6,12,4,8,3,4,7,11,2,3,5,9,11,9,16,26,21,14,11,4,5,10
2805,EŁCKI,WARMIŃSKO-MAZURSKIE,1006,519,1525,7,4,11,16,12,25,13,15,18,15,15,18,26,22,14,22,17,19,26,17,16,18,23,28,32,22,19,7,9,13,5,5,14,11,10,14,20,21,18,24,25,19,15,20,19,20,10,11,21,39,69,56,89,107,103,79,56,36,21,49
2806,GIŻYCKI,WARMIŃSKO-MAZURSKIE,462,241,703,<2,3,4,8,7,9,15,9,10,10,15,17,13,11,15,9,4,12,10,8,4,3,4,13,10,6,<2,<2,2,8,3,4,10,5,11,8,7,9,6,14,9,13,18,11,9,12,6,7,4,8,23,20,25,60,48,25,28,12,17,30
2807,IŁAWSKI,WARMIŃSKO-MAZURSKIE,1043,522,1565,2,8,18,15,17,13,15,15,24,26,19,24,20,16,26,23,18,21,28,18,16,12,27,31,23,17,5,8,10,7,2,4,15,23,25,30,22,26,22,20,22,31,22,19,24,24,18,17,17,16,57,47,79,111,96,82,52,40,18,62
2808,KĘTRZYŃSKI,WARMIŃSKO-MAZURSKIE,401,226,627,<2,3,5,5,8,10,8,6,10,9,9,7,7,10,8,17,9,8,12,7,9,8,13,9,11,7,6,<2,<2,3,<2,<2,3,6,9,11,6,10,7,5,9,8,11,12,9,9,9,6,6,5,30,25,26,52,45,29,13,12,7,21
2809,LIDZBARSKI,WARMIŃSKO-MAZURSKIE,243,142,385,<2,2,9,7,5,4,9,7,6,7,6,3,8,5,6,6,3,3,5,2,<2,<2,5,8,4,7,<2,2,3,7,<2,2,2,5,7,5,7,5,8,12,4,4,3,5,3,4,3,6,2,3,11,9,21,33,19,14,12,10,9,15
2810,MRĄGOWSKI,WARMIŃSKO-MAZURSKIE,773,397,1170,2,5,12,6,15,13,14,23,21,16,26,20,10,15,13,16,12,16,13,15,7,14,9,27,20,10,5,3,6,13,2,6,14,11,11,10,15,14,19,26,21,12,17,11,18,19,11,12,5,17,25,30,69,97,75,52,55,39,15,45
2811,NIDZICKI,WARMIŃSKO-MAZURSKIE,215,142,357,<2,2,11,6,4,9,8,7,11,6,5,6,6,3,2,5,3,5,6,<2,<2,4,7,4,7,4,5,2,<2,<2,<2,<2,3,9,4,5,2,2,5,4,9,6,4,7,5,4,<2,8,<2,<2,13,11,24,27,22,10,4,11,7,8
2812,NOWOMIEJSKI,WARMIŃSKO-MAZURSKIE,543,230,773,<2,2,5,11,9,11,9,9,5,6,9,6,9,8,5,6,7,6,12,11,6,13,9,17,12,7,6,4,3,7,4,4,5,5,8,8,6,4,13,15,10,8,16,9,18,7,6,11,8,5,34,23,46,58,61,44,46,24,15,22
2813,OLECKI,WARMIŃSKO-MAZURSKIE,282,178,460,<2,6,6,10,5,8,4,9,5,5,7,10,5,8,10,4,2,8,6,2,9,8,10,7,8,4,<2,3,2,5,<2,3,5,9,7,2,6,11,2,11,9,11,5,3,5,<2,11,2,3,2,16,14,29,26,21,15,12,8,17,16
2814,OLSZTYŃSKI,WARMIŃSKO-MAZURSKIE,1364,640,2004,<2,4,20,22,27,28,37,23,27,33,30,27,24,21,25,30,29,23,26,31,20,17,19,17,15,12,9,11,15,18,<2,<2,20,24,24,28,20,31,31,27,31,23,32,33,19,22,19,25,23,24,92,75,111,134,128,93,88,60,53,74
2815,OSTRÓDZKI,WARMIŃSKO-MAZURSKIE,1123,596,1719,<2,6,13,22,21,18,19,30,23,30,18,21,30,22,32,21,18,22,32,20,14,28,27,25,31,11,11,5,7,19,4,5,17,16,30,21,24,18,21,26,31,18,22,30,26,24,17,14,12,24,79,58,109,104,113,55,51,44,40,70
2816,PISKI,WARMIŃSKO-MAZURSKIE,344,160,504,<2,<2,3,9,3,3,6,10,6,8,4,8,6,4,<2,9,4,9,8,6,3,7,5,6,8,5,5,<2,6,5,2,2,6,8,7,5,10,11,9,8,9,11,6,4,11,7,6,7,3,2,13,21,33,31,35,23,18,16,10,10
2817,SZCZYCIEŃSKI,WARMIŃSKO-MAZURSKIE,507,298,805,<2,6,9,9,7,8,13,13,12,17,20,19,11,13,11,14,10,11,10,6,9,7,11,17,13,6,4,4,<2,6,2,5,8,9,17,13,12,9,12,13,12,14,19,18,10,17,9,5,7,6,28,19,34,45,58,35,24,10,9,28
2818,GOŁDAPSKI,WARMIŃSKO-MAZURSKIE,190,115,305,<2,<2,3,5,4,4,5,2,4,3,2,2,3,<2,5,2,4,2,6,5,8,8,2,7,6,6,4,<2,7,3,<2,<2,2,6,3,<2,7,2,4,6,6,9,2,4,8,<2,3,2,5,4,14,16,14,20,16,12,7,5,3,7
2819,WĘGORZEWSKI,WARMIŃSKO-MAZURSKIE,159,94,253,<2,<2,2,2,4,5,6,4,7,7,5,4,2,2,4,6,2,3,4,<2,2,2,6,3,3,3,<2,<2,4,<2,<2,<2,3,4,3,6,2,5,4,3,2,5,5,8,3,3,2,<2,2,2,6,9,13,15,15,5,13,4,6,11
2861,ELBLĄG,WARMIŃSKO-MAZURSKIE,686,413,1099,3,3,14,12,13,17,8,15,12,21,20,17,19,17,22,14,11,6,21,16,10,10,16,26,17,14,4,8,8,19,9,5,10,11,6,11,17,15,20,10,16,17,15,15,13,7,11,11,10,10,29,32,62,91,70,34,24,32,30,43
2862,OLSZTYN,WARMIŃSKO-MAZURSKIE,1567,894,2461,14,10,23,27,15,32,24,28,26,22,22,31,24,38,25,24,23,40,65,32,30,33,44,60,71,30,18,11,18,34,14,26,17,22,26,21,24,27,23,27,33,47,32,24,37,33,28,22,28,30,98,100,111,154,167,109,83,57,55,92
3001,CHODZIESKI,WIELKOPOLSKIE,433,219,652,2,9,9,4,7,5,5,10,6,8,13,9,10,9,13,11,7,7,13,7,6,8,6,13,7,2,3,2,2,6,2,2,6,8,8,11,8,4,6,11,10,13,7,8,15,12,8,11,11,8,27,29,39,52,39,29,21,10,10,8
3002,CZARNKOWSKO-TRZCIANECKI,WIELKOPOLSKIE,894,469,1363,3,7,24,16,25,22,16,21,19,19,26,20,17,19,19,18,21,17,23,18,10,10,16,19,10,14,<2,<2,5,14,4,8,13,12,22,20,38,19,23,20,25,19,21,23,22,16,20,18,9,9,49,60,87,89,78,46,37,25,25,37
3003,GNIEŹNIEŃSKI,WIELKOPOLSKIE,1419,741,2160,2,10,13,30,21,28,40,32,37,38,40,25,30,27,26,35,22,24,23,33,16,22,25,44,19,20,12,8,9,30,5,11,20,21,23,20,40,31,28,38,47,45,31,36,28,39,20,28,19,26,74,87,131,154,132,86,54,40,41,64
3004,GOSTYŃSKI,WIELKOPOLSKIE,687,363,1050,6,8,12,14,11,18,17,15,10,14,21,23,18,11,15,19,8,18,15,12,10,11,7,14,10,8,7,3,3,5,2,2,19,8,11,18,13,16,12,15,14,20,15,19,4,14,16,17,12,13,38,43,55,79,61,50,40,30,8,23
3005,GRODZISKI,WIELKOPOLSKIE,1121,628,1749,9,10,23,20,22,30,21,34,25,27,21,31,25,21,26,24,24,32,35,32,14,22,18,27,19,10,6,3,6,11,10,13,20,17,22,21,24,38,20,21,28,29,18,19,28,31,24,24,13,24,52,80,99,123,98,70,49,40,22,44
3006,JAROCIŃSKI,WIELKOPOLSKIE,920,552,1472,7,8,13,15,12,16,21,18,20,18,15,25,31,17,34,24,20,22,34,24,15,16,25,30,16,17,7,<2,16,15,8,13,11,17,16,8,18,14,12,15,29,23,16,14,16,19,13,15,23,18,54,60,76,89,92,67,52,54,28,30
3007,KALISKI,WIELKOPOLSKIE,1449,761,2210,<2,5,22,31,30,30,17,29,42,27,37,40,34,26,34,30,33,37,45,31,9,9,25,29,38,25,14,5,13,13,<2,3,24,24,28,22,26,24,29,35,32,30,27,32,30,41,33,16,28,17,79,82,133,165,142,126,102,50,34,34
3008,KĘPIŃSKI,WIELKOPOLSKIE,1230,738,1968,8,11,31,26,26,26,32,27,30,29,38,25,35,33,34,33,29,25,43,34,17,18,28,31,16,14,7,6,11,15,6,11,23,34,28,31,26,20,28,35,24,25,29,28,41,33,14,24,18,27,83,88,122,137,86,68,35,45,14,47
3009,KOLSKI,WIELKOPOLSKIE,469,257,726,3,2,10,10,5,9,9,11,8,17,10,14,12,13,10,6,8,8,16,8,4,7,13,8,10,8,5,<2,9,3,4,6,9,4,5,8,11,11,6,14,11,9,10,9,10,13,9,6,5,15,17,27,45,62,30,30,21,21,25,16
3010,KONIŃSKI,WIELKOPOLSKIE,959,522,1481,<2,3,21,21,26,22,24,32,27,28,23,23,23,17,28,21,20,15,17,12,3,4,21,25,18,13,4,8,8,15,<2,3,17,24,15,16,28,19,22,31,24,30,19,24,23,17,13,16,13,8,33,55,80,126,100,55,40,35,27,45
3011,KOŚCIAŃSKI,WIELKOPOLSKIE,982,524,1506,2,11,17,22,14,17,18,17,23,28,22,23,25,28,22,28,18,21,24,18,13,16,25,23,9,12,5,4,5,14,3,13,13,15,20,17,22,27,24,23,28,31,19,20,23,27,22,26,13,17,49,55,75,105,90,64,40,30,24,47
3012,KROTOSZYŃSKI,WIELKOPOLSKIE,1072,637,1709,6,5,21,32,13,15,27,18,22,28,22,21,26,19,29,19,19,21,25,22,16,28,29,44,37,21,14,10,13,15,5,6,18,16,17,13,24,26,30,27,31,23,17,20,28,24,14,15,24,14,60,72,95,116,85,62,62,42,39,47
3013,LESZCZYŃSKI,WIELKOPOLSKIE,1017,545,1562,<2,5,19,29,24,24,18,21,31,22,27,24,26,21,13,27,14,27,29,25,11,13,23,25,13,13,5,3,6,7,<2,4,21,23,22,23,26,15,18,27,22,21,23,22,25,24,20,19,10,12,64,68,99,106,90,54,62,29,35,32
3014,MIĘDZYCHODZKI,WIELKOPOLSKIE,782,450,1232,2,8,17,13,7,17,16,22,24,31,18,26,20,17,19,22,13,17,12,15,2,11,18,24,17,17,5,6,6,8,<2,6,13,10,13,10,23,18,13,20,26,32,33,13,15,19,8,13,9,10,34,43,68,84,79,45,39,19,21,46
3015,NOWOTOMYSKI,WIELKOPOLSKIE,1474,797,2271,<2,4,16,15,26,35,28,29,27,41,32,34,42,45,39,30,30,30,45,34,21,19,36,38,26,18,8,10,21,17,<2,9,28,24,21,25,23,26,24,46,27,31,43,35,34,36,26,32,35,24,99,103,137,164,133,88,60,48,43,50
3016,OBORNICKI,WIELKOPOLSKIE,766,479,1245,4,6,11,16,15,18,20,16,21,20,20,17,22,19,16,16,13,15,24,14,21,20,25,25,22,11,11,<2,12,8,6,10,15,12,14,19,17,11,29,26,15,19,18,16,9,18,11,8,16,13,36,55,69,84,74,33,28,25,21,39
3017,OSTROWSKI,WIELKOPOLSKIE,1947,1095,3042,5,22,36,35,44,26,50,53,43,58,47,58,46,53,47,38,31,41,40,42,31,38,46,47,31,24,15,12,12,24,8,13,38,32,41,40,52,40,50,45,46,51,50,51,45,39,35,25,20,28,101,135,189,231,162,105,73,51,59,92
3018,OSTRZESZOWSKI,WIELKOPOLSKIE,886,489,1375,4,6,14,28,14,20,17,18,27,16,25,26,18,17,14,33,11,17,14,18,11,13,15,26,22,17,7,4,9,8,7,8,19,19,15,15,19,18,19,20,25,23,19,22,28,16,11,9,12,12,44,55,86,104,69,63,41,29,26,33
3019,PILSKI,WIELKOPOLSKIE,1571,798,2369,5,8,27,22,29,30,23,25,28,39,47,35,35,33,27,38,32,30,33,27,18,22,31,35,34,25,14,10,15,21,7,7,22,26,26,30,31,39,28,37,52,46,26,35,36,32,23,23,23,33,97,86,152,180,141,90,65,44,53,81
3020,PLESZEWSKI,WIELKOPOLSKIE,581,315,896,3,6,10,17,8,12,15,5,18,14,18,21,13,12,12,18,18,7,17,12,3,6,6,16,7,6,5,<2,4,5,10,4,7,11,11,10,17,8,15,15,10,12,14,15,15,11,10,4,11,<2,35,39,56,66,48,29,33,22,18,24
3021,POZNAŃSKI,WIELKOPOLSKIE,8383,4902,13285,13,45,135,146,138,125,161,152,128,180,193,184,170,169,166,141,127,207,285,178,199,219,307,320,266,178,115,45,94,116,6,44,112,136,119,132,140,152,149,151,196,172,169,161,155,169,138,136,146,204,708,617,754,885,784,562,401,277,225,383
3022,RAWICKI,WIELKOPOLSKIE,501,268,769,<2,2,15,6,17,13,11,12,8,16,7,13,12,11,11,7,13,10,7,10,3,3,11,14,12,7,6,2,3,6,<2,<2,11,11,7,4,15,13,16,15,12,12,7,8,9,6,6,6,8,8,32,29,48,62,50,25,21,18,19,23
3023,SŁUPECKI,WIELKOPOLSKIE,484,241,725,2,3,10,12,13,15,8,5,9,12,8,10,8,8,9,9,4,4,16,8,5,7,8,8,14,9,5,2,7,3,3,4,11,13,10,4,7,18,10,7,7,10,10,12,13,10,10,6,5,5,22,29,45,61,37,35,28,14,13,25
3024,SZAMOTULSKI,WIELKOPOLSKIE,2280,1194,3474,7,19,36,37,42,42,45,39,53,45,43,63,45,45,51,35,34,46,56,55,42,47,52,47,43,43,22,9,18,33,9,18,32,40,25,44,38,56,54,45,59,49,44,63,54,47,36,33,51,34,168,176,189,222,189,159,96,83,61,106
3025,ŚREDZKI,WIELKOPOLSKIE,1146,670,1816,6,13,12,17,21,16,21,20,21,30,33,28,25,23,36,29,19,28,29,23,18,28,28,44,23,29,15,9,11,15,5,11,18,19,21,25,25,23,24,30,26,23,30,22,9,22,18,28,18,15,77,74,105,121,103,80,51,37,34,52
3026,ŚREMSKI,WIELKOPOLSKIE,631,368,999,10,11,8,12,15,11,20,12,20,18,17,16,22,11,11,14,13,20,15,17,3,4,11,22,10,10,4,3,3,5,5,4,11,3,15,11,9,14,14,18,11,11,12,14,10,16,12,13,8,7,32,36,62,86,65,34,29,20,17,32
3027,TURECKI,WIELKOPOLSKIE,686,361,1047,<2,4,11,8,16,14,9,16,17,16,9,21,13,28,15,16,10,14,12,15,11,6,14,27,14,6,5,3,6,4,2,6,14,17,13,19,9,19,16,21,22,16,11,13,11,18,13,9,12,12,39,32,64,87,58,34,28,29,15,27
3028,WĄGROWIECKI,WIELKOPOLSKIE,575,319,894,<2,<2,11,16,15,9,10,14,17,13,11,23,10,12,22,17,10,7,11,10,<2,9,9,18,15,3,3,4,8,11,<2,2,8,12,12,13,10,8,8,23,17,18,14,17,14,14,9,10,11,8,29,30,47,69,65,33,17,15,18,23
3029,WOLSZTYŃSKI,WIELKOPOLSKIE,1188,598,1786,6,10,15,19,18,14,18,21,28,17,26,23,31,14,21,26,17,42,47,28,12,17,23,18,24,18,11,5,17,12,6,9,14,27,26,18,22,16,20,20,18,33,20,17,27,28,19,26,26,24,85,73,90,135,117,71,75,61,31,34
3030,WRZESIŃSKI,WIELKOPOLSKIE,1083,608,1691,5,9,17,25,21,25,18,16,25,25,29,28,31,24,19,21,22,22,30,14,13,23,18,37,30,18,11,5,15,12,3,8,12,25,29,16,14,23,13,18,24,27,16,20,18,20,15,12,19,24,92,75,109,121,92,79,32,37,34,56
3031,ZŁOTOWSKI,WIELKOPOLSKIE,384,184,568,<2,<2,7,12,9,8,8,7,3,7,4,9,7,8,9,6,4,2,9,3,6,2,6,13,9,6,5,<2,4,10,<2,<2,5,7,7,6,10,9,10,16,8,9,9,5,7,5,8,8,8,10,14,20,39,31,41,27,18,13,14,20
3061,KALISZ,WIELKOPOLSKIE,1087,648,1735,10,23,13,22,11,18,19,17,15,22,25,18,21,20,10,20,13,19,37,29,25,31,46,50,37,27,15,13,13,9,14,18,12,10,13,20,16,17,19,19,28,20,10,22,17,17,13,20,18,21,98,66,91,110,96,75,66,44,37,60
3062,KONIN,WIELKOPOLSKIE,781,451,1232,6,13,11,16,14,12,18,16,15,26,19,16,13,13,18,18,19,16,19,17,8,12,17,26,18,17,13,5,8,12,7,16,9,14,17,15,20,16,19,15,17,19,24,13,12,21,12,12,7,6,37,42,86,93,61,48,39,23,19,42
3063,LESZNO,WIELKOPOLSKIE,1445,740,2185,17,21,16,12,22,20,10,29,20,31,30,22,25,23,20,20,25,22,39,27,43,39,40,57,32,24,19,11,8,16,10,22,25,17,13,16,24,12,17,23,22,24,30,26,33,25,18,23,30,31,125,95,115,148,142,115,93,62,37,72
3064,POZNAŃ,WIELKOPOLSKIE,15777,8418,24195,105,149,208,214,231,247,273,271,303,309,279,328,296,290,293,278,267,313,445,339,347,396,498,518,343,250,148,95,169,216,90,117,186,219,216,220,251,271,246,316,311,327,298,305,305,315,251,205,310,315,1333,1178,1369,1657,1370,1138,773,571,472,842
3201,BIAŁOGARDZKI,ZACHODNIOPOMORSKIE,554,318,872,3,<2,7,8,6,6,10,12,15,11,16,12,16,14,15,12,12,23,22,14,4,7,8,19,12,7,11,4,3,8,2,<2,5,6,5,12,6,11,13,10,10,13,9,12,15,14,13,13,14,11,23,28,35,62,58,50,33,33,17,20
3202,CHOSZCZEŃSKI,ZACHODNIOPOMORSKIE,321,212,533,<2,<2,5,11,6,7,12,11,7,10,14,9,10,14,6,11,6,7,8,11,2,3,5,10,10,<2,4,2,5,6,<2,<2,5,9,8,5,10,3,8,6,10,9,5,7,8,3,4,6,8,<2,14,17,35,37,39,13,5,10,17,18
3203,DRAWSKI,ZACHODNIOPOMORSKIE,370,157,527,<2,<2,3,3,5,7,4,7,5,5,10,5,10,10,7,6,6,7,3,8,5,4,7,7,5,8,4,<2,<2,5,<2,<2,6,6,8,2,5,9,9,12,6,7,8,10,8,10,9,8,12,3,31,19,18,44,36,21,15,11,14,23
3204,GOLENIOWSKI,ZACHODNIOPOMORSKIE,1924,976,2900,4,14,25,35,26,26,34,39,30,39,48,59,34,36,36,41,40,29,49,35,41,34,34,47,33,26,26,14,21,21,7,14,28,24,31,30,34,28,40,36,41,38,48,39,44,29,38,28,47,51,164,130,140,196,173,133,115,74,50,74
3205,GRYFICKI,ZACHODNIOPOMORSKIE,1207,513,1720,3,6,14,14,19,14,14,18,21,21,17,22,23,26,18,19,18,20,23,18,10,14,28,25,28,17,12,2,19,10,<2,10,14,18,19,15,12,26,20,19,26,28,27,20,26,21,14,12,20,18,82,61,104,121,120,109,103,62,41,38
3206,GRYFIŃSKI,ZACHODNIOPOMORSKIE,1220,703,1923,2,7,22,24,18,16,22,26,46,45,49,40,27,26,35,30,30,22,31,22,11,18,24,27,24,13,11,5,15,15,4,8,17,19,24,27,26,21,33,30,34,34,25,32,25,25,22,16,16,18,57,88,105,156,97,76,61,39,35,50
3207,KAMIEŃSKI,ZACHODNIOPOMORSKIE,1367,676,2043,3,9,17,17,29,16,26,24,28,27,33,41,29,24,24,33,25,27,35,21,12,22,28,37,23,17,11,5,15,18,3,6,13,29,25,24,21,29,33,30,23,35,27,31,20,23,18,16,15,23,70,73,122,162,149,98,86,47,61,55
3208,KOŁOBRZESKI,ZACHODNIOPOMORSKIE,2305,1051,3356,8,15,45,28,52,35,33,31,48,42,41,58,48,64,44,44,25,34,52,52,20,21,40,45,40,23,19,4,18,22,10,10,29,28,30,28,37,35,44,48,56,45,40,40,61,42,47,33,40,49,145,127,190,242,242,169,142,100,104,92
3209,KOSZALIŃSKI,ZACHODNIOPOMORSKIE,1279,575,1854,<2,5,15,20,21,21,27,33,25,33,31,35,22,22,27,27,14,22,34,16,9,10,22,17,24,14,8,4,11,6,<2,3,15,27,22,16,26,29,28,31,31,42,36,24,31,22,27,20,19,11,65,85,109,155,121,82,69,45,31,57
3210,MYŚLIBORSKI,ZACHODNIOPOMORSKIE,826,486,1312,6,6,16,20,20,10,21,15,12,22,26,22,19,17,23,16,16,14,13,13,17,16,19,27,20,16,12,6,13,13,7,11,9,14,19,16,15,12,16,19,17,19,29,18,15,25,14,14,12,11,49,60,61,89,76,56,40,28,24,31
3211,POLICKI,ZACHODNIOPOMORSKIE,1856,1014,2870,13,16,32,44,29,34,25,41,30,54,39,45,54,36,56,47,47,44,37,35,26,28,45,33,47,16,9,9,17,26,12,14,27,42,40,24,36,43,28,42,49,47,40,33,56,31,49,33,31,30,96,103,167,202,165,104,98,68,47,99
3212,PYRZYCKI,ZACHODNIOPOMORSKIE,389,211,600,<2,<2,6,4,4,10,11,9,6,15,12,8,12,14,9,6,5,12,10,11,2,3,2,11,10,5,2,2,7,3,<2,<2,9,10,6,8,3,9,5,11,9,11,9,5,6,12,16,4,13,6,18,23,24,52,32,22,22,13,8,22
3213,SŁAWIEŃSKI,ZACHODNIOPOMORSKIE,1051,484,1535,<2,2,15,16,10,14,20,21,16,24,24,27,19,16,19,19,25,21,24,15,18,11,17,21,16,12,13,9,9,10,<2,2,10,12,16,15,15,16,22,18,21,17,14,18,12,17,20,11,35,23,69,62,76,109,96,96,88,68,34,39
3214,STARGARDZKI,ZACHODNIOPOMORSKIE,1741,994,2735,7,11,35,41,30,35,26,44,43,45,41,54,38,37,41,46,38,35,44,32,24,26,38,56,40,22,18,5,17,25,8,6,28,30,38,29,45,42,34,30,38,48,39,38,37,41,31,23,29,24,90,112,171,200,151,100,69,65,51,94
3215,SZCZECINECKI,ZACHODNIOPOMORSKIE,538,311,849,5,<2,9,12,20,13,17,16,17,13,14,6,14,10,14,10,10,12,12,9,6,4,7,18,9,10,3,3,6,11,4,3,11,7,15,10,12,11,20,10,14,18,11,12,17,12,9,12,10,4,24,28,43,60,47,38,17,14,16,29
3216,ŚWIDWIŃSKI,ZACHODNIOPOMORSKIE,348,215,563,<2,6,6,6,10,8,6,6,10,10,10,8,7,11,7,2,7,3,7,13,12,10,10,11,3,12,2,<2,3,7,<2,5,3,4,4,8,9,4,7,4,7,4,9,5,9,14,15,11,7,7,20,30,20,35,29,28,10,11,14,15
3217,WAŁECKI,ZACHODNIOPOMORSKIE,434,256,690,<2,8,7,10,9,7,15,16,11,15,9,5,15,9,11,8,7,8,7,5,13,7,8,16,8,4,4,<2,8,6,<2,4,7,5,10,12,7,7,9,10,11,7,8,15,11,9,8,2,6,8,22,10,33,47,49,29,25,21,26,15
3218,ŁOBESKI,ZACHODNIOPOMORSKIE,313,135,448,<2,<2,3,3,7,6,5,4,6,7,7,12,10,5,5,4,7,3,5,6,4,4,5,4,3,2,2,<2,3,2,<2,<2,2,9,5,7,<2,5,9,7,7,4,12,3,7,13,2,7,<2,2,17,21,25,29,27,28,22,12,15,13
3261,KOSZALIN,ZACHODNIOPOMORSKIE,1882,1031,2913,13,20,20,25,17,23,31,36,34,43,24,35,37,28,35,42,31,36,65,38,43,38,56,66,58,42,22,20,30,23,16,17,16,25,25,26,27,29,34,30,38,38,33,41,27,44,35,36,25,43,153,111,151,190,178,148,111,67,69,99
3262,SZCZECIN,ZACHODNIOPOMORSKIE,8623,5323,13946,25,69,118,106,118,112,113,129,115,185,157,146,151,149,167,177,155,216,327,213,259,334,386,393,287,233,147,79,124,133,28,53,87,114,94,130,127,158,128,167,157,152,156,159,162,167,131,153,169,166,669,628,747,892,771,673,415,351,266,553
3263,ŚWINOUJŚCIE,ZACHODNIOPOMORSKIE,1457,745,2202,4,6,21,21,18,31,20,23,19,34,28,26,23,24,31,31,37,29,41,31,22,23,33,40,41,25,13,13,20,17,5,10,16,19,12,25,19,23,23,17,27,30,23,30,21,25,11,18,22,25,116,94,142,150,132,132,92,70,56,72
